y,x1,x2,x3,x4,x5,x6,x7,x8,x9,x10,x11,x12,x13,x14,x15,x16,x17,x18,x19,x20,x21,x22,x23,x24,x25,x26,x27,x28,x29,x30,x31,x32,x33,x34,x35,x36,x37,x38,x39,x40,x41,x42,x43,x44
NA,25.5,33.8,20.2,8952,NA,NA,NA,NA,NA,NA,NA,NA,NA,NA,NA,NA,NA,NA,NA,NA,NA,NA,NA,NA,NA,NA,NA,NA,NA,NA,NA,NA,NA,NA,NA,NA,NA,NA,NA,NA,NA,NA,6266,NA
NA,24,31.6,17.6,10764,NA,NA,NA,NA,NA,NA,NA,NA,NA,NA,NA,NA,NA,NA,NA,NA,NA,NA,NA,NA,NA,NA,NA,NA,NA,NA,NA,NA,NA,NA,NA,NA,NA,NA,NA,NA,NA,NA,7535,NA
NA,23.9,31.1,19.9,7162,NA,NA,NA,NA,NA,NA,NA,NA,NA,NA,NA,NA,NA,NA,NA,NA,NA,NA,NA,NA,NA,NA,NA,NA,NA,NA,NA,NA,NA,NA,NA,NA,NA,NA,NA,NA,NA,NA,5013,NA
NA,23.7,27.5,21.2,3007,NA,NA,NA,NA,NA,NA,NA,NA,48,73.5,3510,9476,7613,4111,3.15,1.78,1.37,0.43,NA,NA,NA,NA,NA,NA,NA,NA,NA,NA,NA,NA,NA,NA,NA,NA,NA,NA,NA,NA,2105,NA
NA,22.4,31.8,17.5,9623,NA,NA,NA,NA,NA,NA,NA,NA,NA,NA,NA,NA,NA,NA,NA,NA,NA,NA,NA,NA,NA,NA,NA,NA,NA,NA,NA,NA,NA,NA,NA,NA,NA,NA,NA,NA,NA,NA,6736,NA
NA,22,31.6,13.4,12488,24.3,NA,NA,NA,NA,NA,NA,NA,56,115.5,6468,17464,7000,3780,1.4,1.1,0.3,0.22,2.6,5.8,7,6.7,NA,NA,NA,NA,NA,NA,NA,NA,NA,NA,NA,NA,NA,NA,NA,NA,8742,NA
NA,20.3,29.5,12.7,10337,NA,NA,NA,NA,NA,NA,NA,NA,62,133,8227,22213,10300,5562,2.15,1.61,0.54,0.25,2.6,5.82,4.48,7,NA,NA,NA,NA,NA,NA,NA,NA,NA,NA,NA,NA,NA,NA,NA,NA,7236,NA
NA,20.5,30.4,12.1,10157,NA,NA,NA,NA,NA,NA,NA,NA,68,133,9044,24419,13400,7236,2.4,1.69,0.71,0.3,2.6,5.84,5.21,7,25.5,25.5,NA,49.8,16.3,13.7,22,NA,8.8,23.9,3.9,3.7,NA,0.75,21,NA,7110,200
NA,19.2,31.8,9.1,9784,22.1,29.3,19.8,77.3,78.3,97,52,430,69,126,8640,23328,12300,6642,2.38,1.71,0.68,0.28,2.5,6.11,5.04,6.83,27.3,52.8,47.3,49.3,13.3,13.8,23.8,NA,11.3,30.7,1,0.7,4.2,0.77,6460,5456,6849,200
NA,15.7,28.4,7.4,12343,21,27.2,18.5,76.3,84.6,97.2,54,462,63,165,10348,27939,16620,8975,2.26,1.54,0.73,0.32,2.5,6.34,5.69,0,20.8,73.5,44.3,44.5,13.5,11.4,26.8,NA,14,38.3,1.2,0.9,3.6,0.77,8024,5936,8640,200
NA,12.8,25,2,9251,20,24.5,18.2,82.9,84.3,98.2,46,468,68,139,9412,25413,21770,11756,2.75,1.48,1.27,0.46,2.4,5.94,4.56,0,19.5,93,44.8,40,15.8,11.5,26,NA,15,41,0.4,0.9,3.9,0.77,6058,5779,6476,200
3.698823529,15,25.4,3,8362,20.4,25.7,18.7,83.5,90.3,98.2,44.3,438,66,134.2,8788,23727,21333,11520,2.84,1.46,1.38,0.49,2.5,6.03,3.88,5.98,18.8,111.8,39.8,39,15.5,10.1,25.5,13,15.8,43,0.7,0.5,3.3,0.82,5344,6206,5854,200
4.783137255,12.7,22.4,1.3,6865,18.6,22.5,17.1,82.8,91,100,45.8,453,66,98,6426,17350,9940,5368,2.53,1.75,0.78,0.31,2.8,6.23,4.54,6.04,19,130.8,38.8,39.5,16,9.3,25.5,14,15.8,43,0.6,0.3,3.3,0.83,4403,5306,4806,200
3.198823529,10.3,19.2,0.7,7347,18.4,22.4,16.2,81.7,85.2,98.1,47.7,501,66,90,5953,16073,13000,7020,2.19,1.23,0.96,0.44,2.7,5.86,4.41,5.93,19.5,150.3,40.5,40.8,18.8,10,27,15,14.5,39.6,0.9,0.6,4.2,0.74,4852,4868,5143,200
3.576470588,7.1,18.8,-1.6,7054,17.5,22.5,16,78.7,84.1,96.6,46.9,506,63,95,6026,16269,14000,7560,2.31,1.23,1.07,0.46,2.6,5.85,3.96,5.87,17.5,167.8,33,25,23,9.9,23.3,16,12.8,34.8,0.5,0.6,2.6,0.71,4219,4053,4938,200
3.126666667,7,18.7,-2.5,7216,17.8,22.8,15.8,80.9,86.3,100,51.2,493,62,90,5554,14997,9650,5211,2.08,1.36,0.72,0.35,2.6,5.82,3.94,5.94,14.5,182.3,31,22,21.8,9.7,20.5,17,13.3,36.2,0.5,0.5,2,0.72,3880,4294,5051,200
2.969411765,11.1,18.9,3.7,4374,18,21.9,16.9,87.1,90.8,99,60,481,61,54,3285,8870,5250,2835,2.03,1.38,0.65,0.32,2.7,5.99,4.46,5.9,19.3,201.5,39.8,30.3,20.5,10.5,23.5,18,13.5,36.9,0.9,0.9,3.4,0.69,2809,4426,3062,200
4.685098039,3,15.1,-4.7,4971,17,21.5,15.9,87.8,85.3,100,43.6,479,66,57,3738,10091,7467,4032,2.03,1.22,0.81,0.4,2.4,5.97,4.44,5.81,16,217.5,35.5,26.5,18.8,10.4,23.8,18.3,13.3,36.2,0.6,0.2,2.4,0.68,2892,3931,3480,200
2.711372549,1.7,11.1,-4.6,4610,16.9,22,15.8,87.3,86.4,100,69.8,465,65,55,3599,9716,5800,3132,2.11,1.43,0.68,0.32,2.2,5.96,3.8,5.9,12.8,230.3,30,21,18.8,8.9,21.3,19.2,12.5,34.2,0.6,0.9,1.6,0.65,2184,3735,3227,200
1.874117647,0.3,10.2,-7.7,5479,17,22.2,16,86.1,86.8,96.1,66.2,472,63,58,3637,9821,6400,3456,1.79,1.16,0.63,0.35,2.4,6.14,3.27,5.94,19.5,249.8,38.3,26.8,16,10.1,23.3,20.2,12.8,34.8,0.3,0.6,2.2,0.69,3088,3835,3835,200
2.449019608,0.9,11.2,-7.5,6143,17.3,23,16,86.9,85.4,97.8,71.6,460,58,62,3605,9733,6100,3294,1.58,1.05,0.54,0.34,2.3,5.95,3.16,5.93,13.5,263.3,34,23.3,15.8,9.9,23.5,21.2,13,35.5,0.6,0.6,1.7,0.67,3003,4009,4300,200
2.383137255,-0.1,11.9,-9.3,5533,17.1,21.5,16.1,88.2,86.7,95.8,63.9,465,60,57,3404,9190,4680,2527,1.66,1.2,0.46,0.27,2.5,5.92,3.36,5.95,15.5,278.8,30,25.5,17,9.6,26,22.2,14.5,39.6,0.9,0.5,1.8,0.73,2773,4271,3873,200
2.512156863,2,13.4,-4.5,6930,17.5,22.9,16.3,86.4,84.3,100,68.2,442,59,67,3924,10596,6300,3402,1.53,1.04,0.49,0.32,2.4,5.95,3.22,5.95,19.5,298.3,33,25.5,19.5,10.7,23.8,23.2,15,41,0.4,0.4,2.2,0.79,3909,4573,4851,200
2.367843137,1.2,10.9,-6.5,5798,17.2,22,15.9,86.6,84.4,96.8,63.3,479,66,62,4083,11024,5720,3089,1.9,1.37,0.53,0.28,2.5,5.91,3.48,5.98,18.5,316.8,33,24.3,20,10.2,26.3,24.2,13.5,36.9,0.5,0.9,2.2,0.68,3234,4084,4059,200
2.165490196,2.1,10.2,-9.1,6020,17.4,23,16.2,82.8,86,96.4,56.1,503,67,71,4767,12871,9683,5229,2.14,1.27,0.87,0.41,2.5,6.01,3.71,5.96,18.8,335.5,34.3,26.3,16.8,10.1,28.5,25.2,14.5,39.6,0.8,0.3,2.1,0.72,3262,4406,4214,200
1.380784314,1.7,11.2,-5.6,5440,17.2,22.2,16.1,87.5,84.1,97.5,63.9,504,67,59,3928,10605,9275,5009,1.95,1.03,0.92,0.47,2.5,5.96,3.6,5.96,15,350.5,30,22.5,15.3,9.8,28,26.3,12.5,34.2,0.3,0.5,1.4,0.57,2361,3550,3808,180
2.290588235,0.4,9.1,-8.8,7360,17.6,23.5,16.1,83.1,81.5,94.5,60,442,58,77,4499,12147,8900,4806,1.65,1,0.65,0.4,2.3,5.96,3.09,6.08,14.5,365,33,23,17.5,7.8,24.8,27.3,12.8,34.8,0.7,0.9,1.8,0.6,3733,3765,5152,180
1.723529412,0.2,11.5,-8.6,9150,17.9,32.6,16.2,82.4,79.9,94.2,60.5,489,62,86,5307,14330,9100,4914,1.57,1.03,0.54,0.34,2.3,5.91,2.93,6.23,16.5,381.5,32.8,24.5,15.3,10,25.5,28.3,15.5,42.4,0.5,0.4,1.7,0.68,4427,4515,6405,180
1.957647059,5.8,18.6,-4.2,5050,17.7,22.1,16.4,89,89.5,98,64.4,538,73,50,3657,9874,5833,3150,1.96,1.33,0.62,0.32,2.6,6.09,3.53,6.23,17.3,398.8,35,27,17.3,11.5,20.5,29.3,13.3,36.2,0.2,0.5,2.2,0.65,2840,3910,3535,180
2.103137255,3.8,12.7,-4.9,8770,18.2,25.3,16.3,82.5,83.3,94.4,60.3,466,71,78.2,5511,14879,6300,3402,1.7,1.31,0.39,0.23,2.4,5.97,4.58,6.08,15,413.8,32,20.8,18.3,9.3,21,30.3,13.5,36.9,1.1,0.7,1.7,0.62,4219,4188,6139,180
2.796470588,3.2,14,-4.6,10440,18.5,26.4,16.5,80.4,82.7,94.4,49,496,65,116,7490,20224,14600,7884,1.94,1.18,0.76,0.39,2.2,5.97,4.55,5.64,16.8,430.5,33.3,25,16.8,9.1,23.8,31.4,13.5,36.9,0.3,0.4,1.9,0.64,5433,4311,7308,180
1.71254902,4,26.6,-4.3,11780,18.7,26.2,16.6,73.6,84.2,96.1,43.1,522,61,129,7906,21346,17600,9504,1.81,1.01,0.81,0.45,2.1,5.98,3.21,6.14,16,446.5,30,22.5,18,8.9,31.3,32.3,13,35.5,0.4,0.6,1.7,0.72,5676,4247,8246,180
1.968627451,11.2,23.1,-2.7,10710,19.6,26.7,16.9,73,87.1,98.1,29.8,463,69,113,7797,21052,12220,6599,1.97,1.35,0.62,0.31,2.3,5.9,3.5,5.97,16.5,463,36.3,27,17,9.9,20,33.3,14.5,39.6,0.8,0.5,2.3,0.74,6079,5003,7497,180
3.438039216,7.1,20.7,-5.1,14696,19.5,27.1,16.6,64.8,75.2,100,27.4,445,70,158,11128,30045,20500,11070,2.04,1.29,0.75,0.37,2.2,5.95,3.97,5.93,17,480,30.5,24,15.3,10.4,22,34.2,15,41,1.1,0.8,1.5,0.69,6722,5092,10287,180
2.720784314,13.5,22.8,1.6,7876,19,24.3,17.1,68,73.7,84.5,34.2,475,72,102,7315,19750,17000,9180,2.51,1.34,1.17,0.46,2.3,6.05,3.97,5.93,15.8,495.8,27.8,20.5,19,9.5,20.8,35.3,14.3,38.9,1,1.2,1.5,0.64,3529,4687,5513,180
2.177647059,10.6,22.5,2.1,10233,18.6,24.5,16.6,63.6,64.6,80.6,32.7,461,75,121,9127,24643,24200,13068,2.41,1.13,1.28,0.53,2.2,5.92,3.51,5.93,15.5,511.3,30.8,21.8,15.3,8,22.8,36.4,13.5,36.9,0.9,0.8,1.4,0.62,4415,4340,7163,180
2.837254902,11.2,24,1.1,10606,18.8,25.3,16.7,57.7,64.9,78.6,17.7,463,73,117,8491,22925,16700,9018,2.16,1.31,0.85,0.39,2.1,5.92,3.46,5.85,14,525.3,25.3,19.8,15,6.9,23,37.4,13.8,37.6,0.1,0.2,1,0.65,3669,4496,7424,180
3.309803922,13.8,27.2,3.6,12200,19.5,26.2,16.7,61.1,67.3,94.7,27.9,427,71,144,10245,27660,22900,12366,2.27,1.25,1.01,0.45,2.3,5.91,3.57,5.85,12.8,538,25.3,17.8,16.5,7.2,18.5,38.3,15.3,41.7,0.9,1,1,0.71,4184,5158,8540,180
4.523137255,17.7,28.4,3.6,12400,20.8,28.4,17.9,73.3,81.5,100,29.8,416,75,140,10460,28242,20400,11016,2.28,1.39,0.89,0.39,2.1,5.99,3.92,5.82,11.5,549.5,26.8,18.8,17.3,6.3,19.5,39.3,14.5,39.6,0.7,0.8,1.2,0.64,4775,5553,8680,180
4.883137255,15.9,26.3,2.6,14570,20.6,27.7,17.2,63.5,76.5,100,29.7,374,73,178,12994,35084,29900,16146,2.41,1.3,1.11,0.46,1.9,6.07,3.37,5.82,14.8,564.3,27.5,17,18,8,18,40.4,15.3,41.7,0.6,0.6,1.2,0.71,5499,5646,10199,180
4.23254902,18.4,28.6,9.5,14970,21.7,30,18.1,67,83.2,100,29.1,356,74,171,12678,34232,26600,14364,2.29,1.33,0.96,0.42,2.1,6.06,3.17,6.01,13.5,577.8,24,17,17,8,19.8,41.3,14.5,39.6,0.7,0.6,0.9,0.68,4888,5942,10479,180
2.804313725,17.7,28.1,5.7,14903,21.1,29.5,17.5,62.5,77.4,92.3,33.3,354,78,166,12877,34768,29700,16038,2.33,1.26,1.08,0.46,2,5.91,2.67,6.04,15.8,593.5,27.3,21.5,18.3,6.4,18.8,42.3,15,41,0.8,0.9,1.5,0.7,6632,5821,10432,180
3.661568627,20.7,33,9.1,17362,23.1,32.3,18.4,60.3,76.2,91.8,33,355,76,172,13146,35493,28500,15390,2.04,1.16,0.89,0.43,2.4,5.95,3.61,5.91,14.8,608.3,25.8,16.8,16.8,7.2,20.3,43.3,15,41,0.8,0.8,1,0.72,5849,6709,12153,180
5.293333333,20.4,30.2,10.8,15990,22.6,32,18.7,64.7,79.7,92,31,333,74,166,12213,32975,29900,16146,2.06,1.05,1.01,0.49,2,5.97,3.44,5.88,18.5,626.8,28,20.3,22.8,7.3,19.3,44.3,15.3,41.7,1,1,1.8,0.65,7978,6577,11193,180
1.42627451,22.1,31.2,14.7,13170,23.5,30.8,20.3,75.3,88.1,100,40.8,346,75,140,10480,28296,23000,12420,2.15,1.21,0.94,0.44,0.8,6.08,3.1,5.99,12.8,639.5,22,12.5,21.3,6.6,19.5,45.3,13.8,37.6,0.4,0.4,0.8,0.71,3754,6447,9219,180
1.435686275,22.6,31.6,16.8,11853,24.1,33.1,20.8,77.2,92.6,98.2,47.7,344,79,123.2,9684,26146,25900,13986,2.21,1.03,1.18,0.53,1.8,6.54,4.19,4.65,12.8,652.3,23,13.5,20,6.2,20.3,46.3,12.8,34.8,0.5,0.6,0.8,0.74,3548,6321,8297,180
0.849803922,NA,NA,NA,NA,NA,NA,NA,NA,NA,NA,NA,NA,NA,NA,NA,NA,NA,NA,NA,NA,NA,NA,NA,NA,NA,NA,NA,NA,NA,NA,NA,NA,NA,NA,NA,NA,NA,NA,NA,NA,NA,NA,NA,180
1.109411765,NA,NA,NA,NA,NA,NA,NA,NA,NA,NA,NA,NA,NA,NA,NA,NA,NA,NA,NA,NA,NA,NA,NA,NA,NA,NA,NA,NA,NA,NA,NA,NA,NA,NA,NA,NA,NA,NA,NA,NA,NA,NA,NA,180
1.058823529,NA,NA,NA,NA,NA,NA,NA,NA,NA,NA,NA,NA,NA,NA,NA,NA,NA,NA,NA,NA,NA,NA,NA,NA,NA,NA,NA,NA,NA,NA,NA,NA,NA,NA,NA,NA,NA,NA,NA,NA,NA,NA,NA,NA
0.894117647,NA,NA,NA,NA,NA,NA,NA,NA,NA,NA,NA,NA,NA,NA,NA,NA,NA,NA,NA,NA,NA,NA,NA,NA,NA,NA,NA,NA,NA,NA,NA,NA,NA,NA,NA,NA,NA,NA,NA,NA,NA,NA,NA,NA
NA,NA,NA,NA,NA,NA,NA,NA,NA,NA,NA,NA,NA,NA,NA,NA,NA,NA,NA,NA,NA,NA,NA,NA,NA,NA,NA,NA,NA,NA,NA,NA,NA,NA,NA,NA,NA,NA,NA,NA,NA,NA,NA,NA,NA
,0,0,0,0,0,0,0,0,0,0,0,0,0,0,0,0,0,0,0,0,0,0,0,0,0,0,0,0,0,0,0,0,0,0,0,0,0,0,0,0,0,0,0,0
,0,0,0,0,0,0,0,0,0,0,0,0,0,0,0,0,0,0,0,0,0,0,0,0,0,0,0,0,0,0,0,0,0,0,0,0,0,0,0,0,0,0,0,0
,0,0,0,0,0,0,0,0,0,0,0,0,0,0,0,0,0,0,0,0,0,0,0,0,0,0,0,0,0,0,0,0,0,0,0,0,0,0,0,0,0,0,0,0
,0,0,0,0,0,0,0,0,0,0,0,0,0,0,0,0,0,0,0,0,0,0,0,0,0,0,0,0,0,0,0,0,0,0,0,0,0,0,0,0,0,0,0,0
,0,0,0,0,0,0,0,0,0,0,0,0,0,0,0,0,0,0,0,0,0,0,0,0,0,0,0,0,0,0,0,0,0,0,0,0,0,0,0,0,0,0,0,0
,0,0,0,0,0,0,0,0,0,0,0,0,0,0,0,0,0,0,0,0,0,0,0,0,0,0,0,0,0,0,0,0,0,0,0,0,0,0,0,0,0,0,0,0
,0,0,0,0,0,0,0,0,0,0,0,0,0,0,0,0,0,0,0,0,0,0,0,0,0,0,0,0,0,0,0,0,0,0,0,0,0,0,0,0,0,0,0,0
,21.83333333,32,11,12638,21.28571429,30.57142857,17.66666667,48.5,72.83333333,94,39,565.8333333,95.71428571,93,8901.428571,21541.45714,15700,6332.333333,1.704498904,1.203443884,0.501055019,0.293960306,3.257142857,5.6,0,0,135.75,135.75,50,39.75,10,13,35,0,4.5,10.90293255,3,2.125,2.407730938,0.55,10742.3,8923.003221,2510.145818,220
,19.57142857,32,8,10040,20.57142857,26,18.71428571,76.28571429,86.85714286,97,57,594.2857143,100,89,8900,21538,12000,4840,2.145219124,1.66314741,0.482071713,0.224719101,3.157142857,5.6,0,0,21.25,157,53,35.75,15.5,12.25,35,0,10.75,26.04589443,1,1.125,3.55782375,0.985416667,8534,7901.338928,4134.198194,220
,16.25,31,8,11110.75,19.5,25.75,17.25,64.25,81.5,97,60,747.5,100,101.5,10150,24563,16333.33333,6587.777778,2.210741849,1.617822579,0.59291927,0.268199234,3.1,5.6,0,0,36.25,193.25,52.5,32.75,18.5,13,39,0,11.25,27.25733138,1,1.25,3.853391651,0.825,9444.1375,8834.647641,3910.579047,220
,12.83333333,25,2,9341.5,17.83333333,23.16666667,15.5,61.33333333,81.66666667,97,43,640,100,102.6666667,10266.66667,24845.33333,18550,7481.833333,2.659672786,1.858748595,0.800924191,0.301136364,3.033333333,5.6,0,0,28.25,221.5,46.75,31.5,17.75,11.25,29.25,0,14.5,35.13167155,0.25,0.1875,3.166586401,1.012698413,7940.275,7192.671703,4059.291009,220
,15.42857143,26,4,7651,18.71428571,24.28571429,16.42857143,73.14285714,86.57142857,97,48,680,100,75,7500,18150,12002,4840.806667,2.372238923,1.739536444,0.632702479,0.266711111,3,5.6,5.55,0,0,0,0,0,0,0,0,0,0,0,0,0,0,0,6503.35,0,0,220
,12,22,1,9483.6,17.4,23,15,59.5,81.6,95,51,724,100,102.2,10220,24732.4,20160,8131.2,2.607912607,1.750516681,0.857395926,0.328767123,2.88,5.6,4.716666667,0,0,0,0,0,0,0,0,0,0,0,0,0,0,0,8061.06,0,0,220
0.21318328,10.42857143,19,1,6584,17.14285714,22.14285714,15.71428571,65,83.71428571,98,57,725.7142857,100,83,8300,20086,19400,7824.666667,3.05072904,1.862292426,1.188436614,0.389558233,2.8,5.6,4.622857143,0,24.5,24.5,44.5,33.5,11.5,11.5,7.5,0,23.25,56.33181818,9,8,2.076842078,0.990277778,5596.4,4351.093868,5781.558616,230
0.64823151,7.571428571,15,1,6823,16.71428571,22,15,69.42857143,86.42857143,96,58,740,97.85714286,77,7535,18234.7,17500,7058.333333,2.672534076,1.638042894,1.034491182,0.387082504,2.771428571,5.6,3.842857143,0,24.5,49,48.75,43,16,11.75,22.25,0,22.5,54.51466276,1.495,1.165,4.063159531,0.821819914,5799.55,5453.549836,5357.579912,230
0.73215434,7.285714286,17,1,5753,16.85714286,22.71428571,15,68.42857143,84.57142857,96,64,764.2857143,86.42857143,69,5963.571429,14431.84286,7500,3025,2.508576892,1.982764272,0.52581262,0.209605941,2.6,5.6,4.114285714,0,24.5,73.5,48.75,43,16,11.75,22.25,0,22.5,54.51466276,0,0,4.063159531,0.821819914,4890.05,4598.310451,5445.409091,230
0.72282958,10.57142857,17,2,5199,16.57142857,21.42857143,15,77.14285714,89,96,65,788.5714286,85.71428571,49,4200,10164,7702,3106.473333,1.954991344,1.35747772,0.597513624,0.305634921,2.571428571,5.6,4.064,0,21.5,95,47.5,39,19,11.5,34.5,0,20.75,50.27463343,0.4175,0.8325,4.263955205,0.728904162,4419.15,4172.054013,4918.676305,230
0.4585209,3,13,-5,4121,15.85714286,20.57142857,15,81.42857143,88.85714286,95,79,775.7142857,90,37,3330,8058.6,2953,1191.043333,1.955496239,1.666478201,0.289018038,0.147797798,2.5,5.6,4.325,0,25.5,120.5,45.75,38,16.25,11.25,31,0,21.5,52.09178886,0.75,0.2525,3.422385099,0.553054662,3502.85,3222.72014,3787.194194,180
0.39196141,1.285714286,6,-6,4277.97,16,21.71428571,15,81.57142857,89.28571429,95,74,631.4285714,82.85714286,46,3811.428571,9223.657143,5103,2058.21,2.156082708,1.674964327,0.481118381,0.223144678,2.5,5.6,3.625,0,10.5,131,46.25,39.5,17.25,10.75,40,0,21.5,52.09178886,0.585,0,3.81767319,0.526638089,3636.2745,3398.084118,3856.05227,180
0.5244373,-0.571428571,9,-13,4229,15.85714286,21.42857143,15,80.85714286,88.71428571,95,74,601.4285714,100,32,3200,7744,2043,824.01,1.83116576,1.636318279,0.194847482,0.10640625,2.7,5.6,3.3,0,18,149,40.75,37.5,20.75,10.75,20.75,0,22.75,55.12038123,0.165,0.75,3.841296211,0.549848943,3594.65,3361.505007,3967.092581,180
0.53022508,0.285714286,10,-6,4464,16.14285714,22.71428571,15,78.14285714,88.57142857,96,74,610,100,39,3900,9438,4420,1782.733333,2.114247312,1.714889486,0.399357826,0.188888889,2.7,5.6,3.528571429,0,19.25,168.25,45.5,42,18.25,10.25,18.25,0,21.75,52.69750733,0.6675,0.75,4.224977221,0.498853211,3794.4,3579.657369,3962.198375,180
0.21318328,0.142857143,10,-11,5225,15.85714286,21.85714286,14.28571429,82.85714286,89.14285714,95,78,594.2857143,100,40,4000,9680,4241,1710.536667,1.852631579,1.52525614,0.327375439,0.176708333,2.828571429,5.6,3.816666667,0,19.75,188,44.5,37.5,17.75,9,26.5,0,22.25,53.90894428,0.915,0.665,3.588314104,0.476956056,4441.25,4117.224637,3895.133226,180
0.179421222,1.142857143,12,-6,6442,16.42857143,23.28571429,14,79.71428571,88.71428571,96,74,577.1428571,100,50,5000,12100,8100,3267,1.878298665,1.371158025,0.50714064,0.27,2.8,5.6,4.1,0,19.5,207.5,41.5,37.5,18.75,10,24,0,22,53.30322581,0.6675,0.835,3.534935163,0.475134982,5475.7,5064.754178,4328.51268,190
0.257234727,1.428571429,8,-6,5111,16,22.28571429,14.28571429,82.14285714,89.28571429,95,76,591.4285714,100,42,4200,10164,6682,2695.073333,1.988651927,1.461343507,0.52730842,0.26515873,2.8,5.6,4.28,0,21.5,229,40.25,41,16.75,10.5,25.25,0,19.75,47.85175953,0.75,1.3325,3.34861616,0.405785347,4344.35,3981.118098,3760.397208,190
0.30192926,2.714285714,9,-6,5015,16.71428571,23.28571429,15,81.71428571,89.71428571,96,73,588.5714286,100,52,5200,12584,14041,5663.203333,2.509272183,1.380019276,1.129252908,0.450032051,2.671428571,5.6,4.466666667,0,26.25,255.25,37,30.25,17.75,11,15.25,0,20.75,50.27463343,0.9175,0.995,2.406723931,0.402378036,4262.75,3540.219353,4264.63361,190
0.297106109,1.285714286,14,-6,4714,16.57142857,22.71428571,15,79.85714286,88.85714286,96,72,570,95.14285714,47,4471.714286,10821.54857,9591,3868.37,2.295619128,1.475006061,0.820613067,0.357469171,2.7,5.6,4.35,0,23.84375,279.09375,37.25,33.5,16.25,11.25,41,0,21.75,52.69750733,0.7525,0.4175,2.456548062,0.4031904,4006.9,3355.001802,4360.446158,190
0.60096463,1.142857143,7,-8,6040,16.71428571,24.28571429,15.14285714,77,88,94,71,570,100,57,5700,13794,11450,4618.166667,2.283774834,1.519177704,0.76459713,0.334795322,2.7,5.6,4.314285714,0,21.5,300.59375,37,38,14.5,11,26.75,0,20.25,49.06319648,0.5,1.1675,2.46975651,0.364709228,5134,4307.736012,4180.390284,190
0.465916399,0.428571429,11,-10,7646,17.57142857,24,16,76.28571429,87.28571429,95,69,545.7142857,88.57142857,65,5757.142857,13932.28571,11300,4557.666667,1.822166586,1.226081487,0.596085099,0.327129859,2.7,5.6,4.085714286,0,23.25,323.84375,38.5,37.5,13.25,10.75,22.75,0,20.25,49.06319648,0.495,0.25,2.317441028,0.354722722,6499.1,5313.321775,4591.576214,190
0.190353698,6,14,-4,2521,16.28571429,20.42857143,15.71428571,80.71428571,90.42857143,96,60,540,90,31,2790,6751.8,4105,1655.683333,2.678222927,2.021466349,0.656756578,0.245221027,2.7,5.6,4.6,0,26.75,350.59375,39.75,38.75,15.75,9.75,27.75,0,21.75,52.69750733,0.92,0.8325,2.938936577,0.362547704,2142.85,1905.153164,4215.097953,190
0.74244373,4.428571429,12,-5,7763,16.42857143,21.85714286,16,68.14285714,85.42857143,94,62,495.7142857,87.57142857,70,6130,14834.6,11551,4658.903333,1.910936494,1.310794366,0.600142127,0.314056552,2.642857143,5.6,5.171428571,0,30,380.59375,39.5,38,15.75,9,27.5,0,22.5,54.51466276,0.2475,-0.08,2.863927808,0.370226033,6598.55,5823.649293,4409.99393,190
0.636334405,2.857142857,12,-6,9392,17.71428571,25.28571429,16,64.42857143,82.14285714,92,52,495.7142857,71.57142857,98,7014,16973.88,15200,6130.666667,1.807270017,1.1545159,0.652754117,0.361182397,2.7,5.6,4.9,0,26.5,407.09375,38.75,37.5,14,9.5,23.25,0,21.25,51.48607038,0.9175,0.8325,2.464517045,0.333746642,7983.2,6692.851189,4847.928387,190
0.499678457,4,18,-5,9942,18.71428571,25.85714286,16.28571429,64.42857143,81.57142857,93,56,501.4285714,78,97,7566,18309.72,17150,6917.166667,1.841653591,1.145901562,0.695752028,0.377786589,2.7,5.6,4.916666667,0,26.5,433.59375,42.75,40.5,16.75,10.75,26.25,0,22.25,53.90894428,1.0825,1.165,3.513231513,0.331646662,8450.7,7808.932381,5554.135557,190
0.440514469,11,22,-3,9394,19.57142857,26.85714286,16.71428571,56.14285714,78.28571429,94,42,474.2857143,75.02857143,104,7802.971429,18883.19086,13451,5425.236667,2.010133155,1.432611687,0.577521468,0.28730508,2.7,5.6,4.583333333,0,30,463.59375,42,39.75,14.5,10.75,27,0,20.25,49.06319648,1.25,1.1675,2.932616283,0.285063347,7984.9,7094.949088,5551.01005,190
0.527652733,6.714285714,22,-4,10776,19.57142857,29,17,39.28571429,69,90,32,440,67.85714286,153,10382.14286,25124.78571,21750,8772.5,2.33155027,1.517472691,0.81407758,0.349157207,2.614285714,5.6,4.214285714,0,27.75,491.34375,42.5,41.75,13,11.5,24.75,0,21.25,51.48607038,1.0825,0.835,2.79440647,0.285406284,9159.6,8024.352296,5774.738226,190
0.458199357,13.57142857,26,3,6821,18.85714286,25.14285714,16.28571429,63.42857143,81.57142857,94,33,422.8571429,67.28571429,96,6459.428571,15631.81714,14301,5768.07,2.29171927,1.446085199,0.845634071,0.368995488,2.571428571,5.6,4.157142857,0,27.75,519.09375,36.5,35.75,16.75,9.75,28,0,24.25,58.75469208,0.92075,1.165,2.647796099,0.313457764,5797.85,4990.540836,6048.026287,190
0.532797428,10.85714286,24,3,8251,18.71428571,26.14285714,16,59.57142857,79.14285714,94,40,435.7142857,61.54285714,110,6769.714286,16382.70857,15500,6251.666667,1.985542185,1.227856248,0.757685937,0.381601531,2.514285714,5.6,3.985714286,0,28.5,547.59375,37,34.25,13.25,8.75,29.25,0,23,55.72609971,1.06675,1.3325,2.034131354,0.284894713,7013.35,5397.03119,5709.502346,190
0.575241158,12.14285714,25,2,9076,18.85714286,26.71428571,16.42857143,47.42857143,74.28571429,93,32,424.2857143,68.08571429,111,7557.514286,18289.18457,17850,7199.5,2.015115092,1.221869168,0.793245923,0.393647949,2.6,5.6,3.428571429,0,0,0,0,0,0,0,0,0,0,0,0,0,0,0,7714.6,0,0,0
0.456913183,14.57142857,27,4,10335,20.42857143,27.42857143,16.42857143,45.42857143,73.14285714,95,21,391.4285714,71.51428571,126,9010.8,21806.136,25083.33333,10116.94444,2.109930914,1.131029662,0.978901252,0.463949434,2.657142857,5.7,3.933333333,0,0,0,0,0,0,0,0,0,0,0,0,0,0,0,8784.75,0,0,0
0.501286174,18.28571429,30,5,10970,21.14285714,30,16,47.28571429,75.14285714,95,20,375.7142857,71.5,155,11082.5,26819.65,26000,10486.66667,2.444817685,1.488877241,0.955940444,0.391006843,2.3,5.7,3.414285714,0,0,0,0,0,0,0,0,0,0,0,0,0,0,0,9324.5,0,0,0
0.955948553,15.71428571,27,4,11696,19.85714286,28.28571429,16,44.85714286,75,94,32,374.2857143,63.77142857,178,11351.31429,27470.18057,26550,10708.5,2.348681649,1.433112224,0.915569425,0.389822701,2.3,5.7,3.314285714,0,0,0,0,0,0,0,0,0,0,0,0,0,0,0,9941.6,0,0,0
0.64340836,19.85714286,36,11,11715,21.14285714,28.57142857,16.42857143,46,71.85714286,95,33,352.8571429,70.15714286,174,12207.34286,29541.76971,24400,9841.333333,2.521704628,1.68164203,0.840062598,0.333132829,2.3,5.7,2.885714286,0,0,0,0,0,0,0,0,0,0,0,0,0,0,0,9957.75,0,0,0
0.549517685,19.14285714,33,9,12079,20,29,16.14285714,38,68.28571429,94,26,345.7142857,80,177,14160,34267.2,33800,13632.66667,2.836923586,1.708298148,1.128625438,0.397834275,2.3,5.7,2.757142857,0,0,0,0,0,0,0,0,0,0,0,0,0,0,0,10267.15,0,0,0
0.476527331,20.71428571,34,10,12724,21.28571429,31,16,41.71428571,67.14285714,91,33,317.1428571,80,188,15040,36396.8,33750,13612.5,2.860484124,1.790655454,1.06982867,0.37400266,2.3,5.771428571,2.742857143,0,0,0,0,0,0,0,0,0,0,0,0,0,0,0,10815.4,0,0,0
0.869131833,22.14285714,36,11,12316,21.71428571,28.85714286,16,53.71428571,76,94,39,330,62.91428571,213,13400.74286,32429.79771,33150,13370.5,2.633143692,1.547523361,1.085620331,0.412290577,2.3,5.8,2.785714286,0,0,0,0,0,0,0,0,0,0,0,0,0,0,0,10468.6,0,0,0
0.639871383,24,38,16,10787,23.42857143,30.14285714,16.57142857,59.85714286,80.71428571,97,46,345.7142857,62.54285714,188,11758.05714,28454.49829,25700,10365.66667,2.637850958,1.67691032,0.960940638,0.364289209,2.3,5.8,3.3,0,0,0,0,0,0,0,0,0,0,0,0,0,0,0,9168.95,0,0,0
0.488424437,23.71428571,35,18,10600,23.42857143,29.85714286,18.71428571,66.71428571,85.42857143,98,52,364.2857143,59.98571429,176,10557.48571,25549.11543,28500,11495,2.410293908,1.325859946,1.084433962,0.449917729,2.442857143,5.8,3.914285714,0,0,0,0,0,0,0,0,0,0,0,0,0,0,0,9010,0,0,0
0.68488746,23.42857143,34,16,12518,24,30.42857143,18,59.42857143,81.71428571,97,48,380,60,220,13200,31944,39800,16052.66667,2.551845343,1.269478617,1.282366725,0.502525253,2.5,5.771428571,3.814285714,0,0,0,0,0,0,0,0,0,0,0,0,0,0,0,10640.3,0,0,0
0.51607717,24.57142857,38,17,9745,24.85714286,31.28571429,20.42857143,70.28571429,86.57142857,98,60,388.5714286,55.14285714,177,9760.285714,23619.89143,28100,11333.66667,2.423795939,1.260772166,1.163023773,0.47983568,2.5,5.7,3.528571429,0,0,0,0,0,0,0,0,0,0,0,0,0,0,0,8283.25,0,0,0
0.5,25.66666667,36,20,8376.666667,26,31.33333333,22.33333333,69.66666667,86,96,64,390,59,172.6666667,10187.33333,24653.34667,19600,7905.333333,2.943097493,1.999364903,0.943732591,0.320659643,2.5,5.7,3.566666667,0,0,0,0,0,0,0,0,0,0,0,0,0,0,0,7120.166667,0,0,0
0.71511254,0,0,0,0,0,0,0,0,0,0,0,0,0,0,0,0,0,0,0,0,0,0,0,0,0,0,0,0,0,0,0,0,0,0,0,0,0,0,0,0,0,0,0,0
0.244694534,0,0,0,0,0,0,0,0,0,0,,0,0,0,0,0,0,0,0,0,0,0,0,0,0,0,0,0,0,0,0,0,0,0,0,0,0,0,0,0,0,0,0,0
,0,0,0,0,0,0,0,0,0,0,,0,0,0,0,0,0,0,0,0,0,0,0,0,0,0,0,0,0,0,0,0,0,0,0,0,0,0,0,0,0,0,0,0
2.079245283,0,0,0,0,0,0,0,0,0,0,0,0,0,0,0,0,0,0,0,0,0,0,0,0,0,0,0,0,0,0,0,0,0,0,0,0,0,0,0,0,0,0,0,0
2.813018868,22.44285714,32.7,15.4,13320,24.98571429,33.82857143,21.37142857,73.67142857,90.52857143,98.2,33.8,342.5714286,64.28571429,147,9450,25515,27550,12397.5,1.915540541,0.984797297,0.930743243,0.485890653,1.91,6.417142857,2.235714286,6.84,0,0,0,0,0,0,0,0,0,0,0,0,0,0,9990,0,0,0
1.665849057,22.25,29.5,17.4,11714.5,24.35,32.65,21.45,69.65,91.7,96.1,46,348,65,161,10465,28255.5,29400,13230,2.412010756,1.282641171,1.129369585,0.468227425,2.18,6.32,2.46,6.65,0,0,0,0,0,0,0,0,0,0,0,0,0,0,8785.875,0,0,0
,0,0,0,0,0,0,0,0,0,0,0,0,0,0,0,0,0,0,0,0,0,0,0,0,0,0,0,0,0,0,0,0,0,0,0,0,0,0,0,0,0,0,0,0
,0,0,0,0,0,0,0,0,0,0,0,0,0,0,0,0,0,0,0,0,0,0,0,0,0,0,0,0,0,0,0,0,0,0,0,0,0,0,0,0,0,0,0,0
,0,0,0,0,0,0,0,0,0,0,0,0,0,0,0,0,0,0,0,0,0,0,0,0,0,0,0,0,0,0,0,0,0,0,0,0,0,0,0,0,0,0,0,0
,25.47142857,33.8,20.2,8952,26.28571429,32.85714286,23.68571429,87.61428571,97.25714286,100,55.3,263.4285714,79.57142857,84,6684,18046.8,15680,7056,2.015951743,1.227747989,0.788203753,0.390983443,2.935714286,5.557142857,4.468571429,6,14.9375,14.9375,31.375,30.25,15.25,9.325,16.9375,0,6.25,16.88464837,4.9,3.9125,1.955063937,0.425170068,6714,5063.256288,4679.794168,200
,24.01428571,31.6,17.6,10764,24.58571429,31.94285714,21.32857143,79.92857143,91.17142857,100,55.9,241.2857143,70,148,10360,27972,21430,9643.5,2.598662207,1.702759197,0.89590301,0.34475547,2.841428571,5.471428571,5.087142857,5.928571429,17.0625,32,27.875,20.125,15,9.55,25.0875,0,10.625,28.70390223,0.475,0.95,1.13664287,0.658914729,8073,4316.312065,6074.340051,200
0.245283019,23.91428571,31.1,19.9,7162,24.51428571,30.25714286,22.57142857,87.24285714,95.9,100,59,371.2857143,62.71428571,120,7525.714286,20319.42857,16910,7609.5,2.837116528,1.774633981,1.062482547,0.374493799,2.671428571,5.485714286,4.162857143,5.814285714,18.125,50.125,26.375,20.625,17.5,8.25,26.75,0,12.25,33.09391081,0.5,0.05,1.285897885,0.695035461,5371.5,3134.790913,6724.826758,200
3.327358491,22.7,30.7,18.4,6283.2,23.38,29.18333333,21.36,88.98,94.9,100,74.5,283.6,51.71428571,104,5378.285714,14521.37143,10710,4819.5,2.311142639,1.544097184,0.767045455,0.33189014,2.491428571,5.533333333,3.967142857,5.757142857,18.28571429,68.41071429,26.42857143,19,19.125,7.7625,21.83333333,10,13.125,35.45776158,1.105,0.8875,1.297211353,0.805709024,4712.4,2766.802149,6602.254117,200
1.536981132,22.42857143,31.8,17.5,9623,22.98571429,30.22857143,19.91428571,85.81428571,94,100,69.3,531.8571429,50.57142857,114,5765.142857,15565.88571,6765,3044.25,1.617570998,1.301219548,0.31635145,0.19557191,2.428571429,5.557142857,4.171428571,5.714285714,10.75,79.16071429,26.75,19.625,20.375,7.566666667,0,11,11.5,31.067753,0,1.275,1.444817778,-1.548821549,7217.25,4554.682576,5818.981132,200
1.811320755,22,29.62857143,13.4,12488,23.28571429,31.37142857,20.58571429,84.45714286,96.13571429,100,65.6,583.4285714,48.71428571,162,7891.714286,21307.62857,12040,5418,1.706248284,1.272391782,0.433856502,0.254275129,2.47,5.642857143,5.147142857,5.785714286,14.1875,93.34821429,26,19.125,21.875,8.375,29.5,12,9.875,26.67774443,8.75,0.325,1.469280995,0.561478323,9366,5975.360968,5309.163808,200
1.489245283,20.28571429,29.5,12.7,10337,21.84285714,29.55714286,19.17142857,87.37142857,95.8,100,70.5,446.5714286,60.37142857,148,8934.971429,24124.42286,22460,10107,2.333793447,1.356043616,0.977749831,0.418953028,2.441428571,5.642857143,4.257142857,5.8,18,111.3482143,29.25,21.625,21.5,10.7375,47,13,9.5,25.66466552,-2.15,-0.366666667,1.836971651,1.088541667,7752.75,5654.770248,5008.716123,220
1.941132075,20.48571429,30.4,12.1,10157,22.01428571,30.11428571,19.24285714,82.91428571,94.05714286,100,51,183.3333333,52.07142857,144,7498.285714,20245.37143,15260,6867,1.993243224,1.317157766,0.676085458,0.33918864,2.504285714,5.542857143,4.154285714,5.714285714,12.35714286,123.7053571,28,21.125,21.75,9.742857143,0,14,8.25,22.28773585,0,0,1.737784895,-0.796052632,7617.75,5385.22161,4584.870926,220
1.805283019,19.22857143,31.8,9.6,9466,21.41428571,27.34285714,19.38571429,79.45714286,91.92857143,99.1,54.3,131,53.87142857,139,7488.128571,20217.94714,15370,6916.5,2.135849054,1.405181401,0.730667653,0.342097046,2.514285714,5.614285714,4.318571429,5.742857143,9.5,133.2053571,28.42857143,23.5,22,9.242857143,30.14285714,15,7,18.91080617,8.3,7.75,1.985306604,0.643966547,7099.5,5396.569125,3923.506003,220
1.580566038,15.67142857,28.5,7.5,11818,19.98571429,26.85714286,17.1,73.45714286,90.24285714,98.1,47.4,320,50.9,176,8958.4,24187.68,17360,7812,2.046681334,1.385655779,0.661025554,0.322974341,2.665714286,5.571428571,4.952857143,5.685714286,16.92857143,150.1339286,24,21,24.57142857,10.58571429,17.5,16,8,21.61234991,0.657142857,0.121428571,1.672795883,0.686733556,8863.5,6127.838545,3838.101201,220
2.785283019,12.7,24.9,2.4,8710,19.34285714,24.21428571,17.37142857,85.72857143,92.98571429,100,37.8,320,53.71428571,161,8648,23349.6,22540,10143,2.680780712,1.516257176,1.164523536,0.434397163,2.474,5.3,6.28,5.4,15.42857143,165.5625,27.42857143,21.28571429,26.28571429,10.81428571,18.42857143,16.34108527,8.142857143,21.99828473,0.871428571,1.085714286,2.07297091,0.696666667,6532.5,5074.260053,3677.186964,220
0.603018868,15.37142857,25.4,3.4,7336,19.97142857,25.28571429,18.07142857,86.17142857,93.4,100,52.9,320,57.42857143,130,7465.714286,20157.42857,19800,8910,2.747741081,1.533182739,1.214558342,0.442020666,2.28,6.258571429,3.924285714,6.004285714,15.71428571,181.2767857,26,20.71428571,28.71428571,10.65714286,17.57142857,18.79605263,8.285714286,22.38421955,0.8,0.757142857,2.088927346,0.776155718,5502,4289.808429,3928.394511,220
0.370943396,12.6,22.6,2,6682,19.11428571,23.3,17.52857143,85.88571429,90.92857143,100,58.6,320,59,123,7257,19593.9,18600,8370,2.932340617,1.67972164,1.252618976,0.427173763,2.372857143,6.282857143,3.515714286,6.232857143,12.28571429,193.5625,22.42857143,16.14285714,24.14285714,8.228571429,16.14285714,19.79605263,9.857142857,26.62950257,0.914285714,0.785714286,1.180735683,0.764350453,5011.5,2754.153546,4131.540309,220
0.71490566,9.814285714,19.4,0.3,7452,18.91428571,23.5,17.3,72.85714286,74.41428571,100,40,320,60.57142857,138,8358.857143,22568.91429,22500,10125,3.028571429,1.669875776,1.358695652,0.448625923,2.64,6.138571429,3.667142857,6.294285714,14.14285714,207.7053571,26,19.85714286,23.71428571,9.157142857,15.85714286,20.79605263,11,29.71698113,0.385714286,0.514285714,1.653796864,0.806666667,5589,3837.810431,4403.156089,220
0.971698113,7.042857143,17.6,-1,6703,17.7,21.92857143,16.27142857,75.85714286,82.04285714,97.2,41.1,320,60.28571429,105,6330,17091,15950,7177.5,2.549753842,1.478964643,1.070789199,0.419957873,2.767142857,6.074285714,3.705714286,6.184285714,15,222.7053571,23,20,22.85714286,9.528571429,15.71428571,21.79605263,12.57142857,33.96226415,0.985714286,1.042857143,1.420240137,0.812762385,5027.25,3137.210216,4336.049743,220
1.491132075,6.414285714,18.3,-2.6,6921,17.64285714,22.88571429,16.47142857,76.38571429,83.88571429,99,35.5,365.8571429,60,95,5700,15390,11200,5040,2.2236671,1.495448635,0.728218466,0.32748538,2.758571429,5.891428571,4.108571429,6.071428571,10.14285714,232.8482143,24.71428571,17.85714286,23.85714286,7.528571429,11.14285714,22.79605263,14.42857143,38.97941681,0.285714286,0.228571429,1.422199347,0.89669088,5190.75,3242.175425,4807.204117,220
1.976792453,11.05714286,18.9,4.4,4058,17.55714286,22.04285714,16.25714286,86.77142857,94.52857143,99.9,55,473.7142857,63.33333333,57,3610,9747,6300,2835,2.401922129,1.703302119,0.69862001,0.290858726,2.752,5.68,4.334,6.07,15,247.8482143,30,24,23.71428571,9.114285714,16.85714286,23.79605263,14.71428571,39.75128645,0.457142857,0.528571429,2.306346484,0.876256767,3043.5,2483.093656,4840.209262,220
2.780566038,2.842857143,14.7,-4.8,4346,16.75714286,21.97142857,15.38571429,85.88571429,86.67142857,97.2,61.2,480.2857143,66.33333333,63,4179,11283.3,5541.666667,2493.75,2.596249425,2.022445927,0.573803497,0.22101247,2.54,5.48,4.736666667,5.971666667,13.85714286,261.7053571,32.14285714,23.57142857,22.42857143,8.514285714,20.85714286,24.79605263,15.28571429,41.29502573,0.328571429,0.3,2.295376877,0.833333333,3259.5,2653.858028,4236.324185,200
1.944339623,1.442857143,9.7,-5.5,4741,16.68571429,21.98571429,15.52857143,86.44285714,88.28571429,98.6,62.2,411.4285714,70,57,3990,10773,6416.666667,2887.5,2.272305421,1.663256697,0.609048724,0.268031189,2.191428571,5.68,4.11,5.953333333,10.57142857,272.2767857,29.85714286,20.42857143,20.57142857,8.357142857,21.14285714,24.35603345,12.85714286,34.73413379,0.514285714,0.342857143,1.694855603,0.724637681,3555.75,2477.364277,3669.900515,200
1.395660377,-0.028571429,10,-8.3,5593,16.87142857,22.2,15.55714286,84.64285714,87.04285714,100,57.8,425,71.71428571,69,4948.285714,13360.37143,9275,4173.75,2.38876657,1.642521264,0.746245307,0.312397752,2.342857143,5.977142857,3.531666667,6.065,17.57142857,289.8482143,33.25,26.375,23,10.15,21,25.31326644,11.125,30.0546741,0.542857143,0.714285714,2.724544852,0.640946502,4194.75,3645.417483,3360.90952,200
1.156226415,0.9,11.3,-7.6,6483,17.25714286,23.22857143,15.75714286,80.4,83.24285714,95.6,57,471.4285714,74.71428571,73,5454.142857,14726.18571,11600,5220,2.2715079,1.466325114,0.805182786,0.354470608,2.318571429,5.985714286,3.35,6.022857143,11.375,301.2232143,30.375,22.75,18.25,8.55,20,26.31326644,13,35.12006861,0.571428571,0.471428571,1.703501672,0.71372549,4862.25,3397.745877,3944.686106,200
1.160566038,-0.485714286,11.4,-10.5,5580,16.62857143,22.22857143,15.4,83.17142857,84.51428571,96.1,52,478.2857143,69.85714286,60,4191.428571,11316.85714,7200,3240,2.028110599,1.447465438,0.580645161,0.286298569,2.338571429,5.951428571,3.168571429,6.124285714,15.375,316.5982143,31.125,25.625,19,10.325,19.25,27.31326644,13.5,36.47084048,1.048214286,0.644642857,2.046957581,0.653018917,4185,3230.61008,3785.619211,200
1.370754717,1.785714286,13,-5.6,7110,17.27142857,23.47142857,15.57142857,82.7,85.72857143,99,63.1,433.5714286,73.28571429,74,5423.142857,14642.48571,9450,4252.5,2.059421338,1.461320072,0.598101266,0.290422001,2.334285714,5.894285714,3.061428571,6.072857143,16.375,332.9732143,31.5,25.875,19.25,10.1,20,28.30333333,13.375,36.13314751,0.6,0.7875,2.119354732,0.631268437,5332.5,4186.715832,4038.438679,200
1.333018868,1.057142857,10.9,-6.7,6144,16.94285714,22.54285714,15.22857143,85.54285714,86.98571429,99,61.6,448.7142857,67.28571429,67,4508.142857,12171.98571,5712,2570.4,1.981117467,1.562758092,0.418359375,0.211173432,2.518571429,5.788571429,3.278333333,6.111666667,16,348.9732143,30.5,24.125,19.75,9.8125,21.625,29.22384428,13.625,36.80853345,0.8375,0.9875,1.962981782,0.60903576,4608,3482.348189,3951.69211,200
2.089622642,1.885714286,10.6,-9.3,6170,17.14285714,23.58571429,15.65714286,86.67142857,88.55714286,100,63.1,435.4285714,64,60,3840,10368,4830,2173.5,1.680388979,1.328119935,0.352269044,0.209635417,2.632857143,5.791428571,3.958333333,5.916666667,17.625,366.5982143,29.375,24.25,19.25,10.425,19.875,30.22384428,15.375,41.53623499,0.35,0.6125,1.852261756,0.67768595,4627.5,3390.630302,4443.499142,200
1.765660377,1.585714286,11.5,-5.4,5680,16.94285714,22.61428571,15.31428571,88.45714286,87.41428571,100,64,447.5714286,69.85714286,53,3702.428571,9996.557143,3610,1624.5,1.759957243,1.473953722,0.286003521,0.162505948,2.394285714,5.962857143,4.111428571,5.801428571,17.375,383.9732143,33.5,24.625,18.75,12.05,23.25,31.23564955,15.25,41.19854202,0.575,0.5,2.089316942,0.692788189,4260,3321.744599,4318.111492,200
1.275471698,0.185714286,8.4,-8.8,7460,17.2,24.47142857,15.52857143,84.25714286,84.45714286,98.2,58.3,388.8571429,75,81,6075,16402.5,13550,6097.5,2.198726542,1.381367292,0.817359249,0.371742112,2.368571429,5.86,4.075714286,5.854285714,14.125,398.0982143,28.125,20.5,17.875,9.0875,25.25,32.19333333,14.875,40.18546312,0.55,0.45,1.392112876,0.671178793,5595,3445.670339,4355.284734,200
1.210188679,0.257142857,11.6,-9.2,9170,17.24285714,24.98571429,15.08571429,83.24285714,81.81428571,96.9,60.1,341.7142857,72.71428571,89,6471.571429,17473.24286,15050,6772.5,1.905479047,1.166929428,0.738549618,0.387592621,2.254285714,5.83,3.198571429,733.1028571,16,414.0982143,29.625,23.25,17.875,9.6375,24.5,33.18723762,14.625,39.51007719,0.35,0.6,1.663065577,0.642857143,6877.5,4738.356148,3976.469768,180
1.674716981,5.742857143,13,-4.5,5070,17.25714286,22.08571429,15.84285714,89.15714286,94.68571429,100,57.2,436.1428571,74.71428571,61,4557.571429,12305.44286,7350,3307.5,2.427109045,1.774742181,0.652366864,0.2687835,2.285714286,6.03,3.12,6.032857143,16,430.0982143,31,27,16,8.8625,23.375,34.12374323,14.875,40.18546312,0.8375,0.6875,1.808953688,0.640933573,3802.5,2749.978957,4035.133791,180
2.160566038,3.3,13.1,-5.4,8670,18,25.25714286,16.04285714,84.01428571,85.8,100,50.9,338.5714286,70.57142857,88,6210.285714,16767.77143,10900,4905,1.933999011,1.368255067,0.565743945,0.292525457,2.185714286,6.004285714,3.405714286,5.971428571,17.875,447.9732143,32.125,24.25,18.125,9.1625,23.625,35.16666667,14.625,39.51007719,1.0125,0.6,1.907281965,0.583056478,6502.5,4840.312589,4302.208405,180
1.933962264,3,13.6,-4.3,10380,18.1,25.24285714,16.1,71.97142857,79.95714286,97.3,28.6,321.7142857,72.71428571,100,7271.428571,19632.85714,14550,6547.5,1.891412056,1.260631709,0.630780347,0.333497053,2.241428571,5.95,3.39,5.994285714,14.25,462.2232143,30.25,22.5,19.125,9.2,22.25,36.3590535,14.875,40.18546312,0.5625,0.7125,1.758293411,0.617647059,7785,5540.607078,4402.530232,180
2.415660377,3.942857143,17.2,-4.6,11730,18.52857143,24.91428571,16.58571429,65.41428571,76.55714286,97,32.4,328.8571429,68,125,8500,22950,22550,10147.5,1.956521739,1.091432225,0.865089514,0.442156863,2.435714286,5.871428571,3.088571429,6.037142857,16.625,478.8482143,32.125,26.875,19.625,9.225,22.375,37.28627451,15.75,42.54931389,0.6375,0.9,2.288670556,0.675,8797.5,7153.770689,4798.400943,180
2.081320755,11.07142857,23.2,-2.9,10640,19.21428571,25.35714286,16.95714286,64.14285714,83.12857143,98,22.6,355.2857143,64.57142857,113,7296.571429,19700.74286,16270,7321.5,1.851573577,1.163462675,0.688110902,0.371635732,2.462857143,5.91,3.417142857,6.068571429,15.875,494.7232143,28.375,22,16.5,9.5625,20.75,38.34698108,15.625,42.21162093,0.875,0.65,1.39131191,0.673249551,7980,4912.589562,5079.104846,180
2.804339623,6.671428571,19.6,-5.3,15006,19.15714286,25.8,16.58571429,53.28571429,71.05714286,93.2,21.5,315,60.71428571,153,9289.285714,25081.07143,23610,10624.5,1.671402867,0.963386074,0.708016793,0.423606305,0,6.028571429,3.301428571,6.051428571,14.25,508.9732143,26,19.625,16.625,8.4625,20.875,39.36873156,15.125,40.86084906,0.7625,1.025,1.145847114,0.630208333,11254.5,6052.70953,4926.629717,180
2.082264151,13.34285714,23.9,1.5,7870,18.55714286,24.1,16.75714286,77.2,90.04285714,100,36,302.1428571,62.14285714,97,6027.857143,16275.21429,15400,6930,2.068006898,1.187447813,0.880559085,0.425800845,2.674285714,5.955714286,3.414285714,6.075714286,14.75,523.7232143,28.875,23,16.125,9.1625,19.375,40.36873156,15.125,40.86084906,0.9625,0.75,1.446543706,0.606010017,5902.5,3727.861126,4661.689322,180
1.337169811,10.44285714,22.1,2.1,10880,18.48571429,24.18571429,16.21428571,73.11428571,84.21428571,99.6,32.3,299.8571429,60.28571429,134,8078.285714,21811.37143,21800,9810,2.004721639,1.103067227,0.901654412,0.449765391,2.582857143,6.018571429,3.09,6.082857143,14.125,537.8482143,26.875,19.375,17,6.875,21.375,41.30721181,15.25,41.19854202,0.2125,0.35,1.195696927,0.693181818,8160,4525.031623,4659.892796,180
0.946603774,11,24.1,1.7,10570,18.5,25.3,16.25714286,67.72857143,84.54285714,98.1,26.6,402.1428571,62,133,8246,22264.2,21200,9540,2.106357616,1.203803217,0.902554399,0.428490581,2.491428571,6.084285714,3.078571429,6.092857143,11.875,549.7232143,26,19.625,18.75,7.0625,22.875,42.32882121,15.375,41.53623499,0.825,0.6375,1.292308775,0.688432836,7927.5,4642.369629,4696.025943,180
2.036981132,13.5,26.5,2.7,12170,19.41428571,26.21428571,16.5,64.9,79.11428571,99,24.8,497.5714286,65.57142857,147,9639,26025.3,25550,11497.5,2.138479869,1.193738702,0.944741167,0.441781651,2.324285714,5.892857143,2.775714286,5.997142857,10.375,560.0982143,24.625,19.125,16.875,8.3125,20,43.35714286,14.75,39.84777015,0.4625,0.575,1.073503518,0.660447761,9127.5,4679.156175,4943.041595,180
2.56,17.38571429,28,3.2,12380,0,29.54285714,17.74285714,68.45714286,84.77142857,98.1,25.9,483,66.42857143,149,9897.857143,26724.21429,27850,12532.5,2.158660282,1.146342026,1.012318255,0.468956725,2.297142857,5.941428571,2.7,6.075714286,12.875,572.9732143,23.625,19.75,18.625,7.225,20,44.35906643,15,40.52315609,0.5125,0.55,1.173862439,0.693641618,9285,5081.384852,-3509.845626,180
1.366603774,15.42857143,26.2,3.1,14840,20.32857143,28.85714286,16.67142857,57.9,80.05714286,98.5,22.5,356.1428571,65,175,11375,30712.5,29900,13455,2.069575472,1.162904313,0.906671159,0.438095238,2.072857143,6.065714286,2.541428571,6.207142857,15.125,588.0982143,27.25,21.625,18.75,8.4125,19.375,45.41694352,14.625,39.51007719,0.775,0.625,1.492471005,0.713414634,11130,7172.486958,5304.008362,180
2.085660377,18.61428571,29.4,10,15050,21.6,30.21428571,17.8,63.92857143,86.14285714,99.5,28,344.5714286,63.57142857,169,10743.57143,29007.64286,28150,12667.5,1.92741813,1.085723778,0.841694352,0.436695255,2.02,6.142857143,2.474285714,6.338571429,13.125,601.2232143,24.375,18.125,17.875,7.225,19.875,46.325,13.875,37.48391938,0.7875,0.675,1.066720639,0.69519833,11287.5,5759.233396,5619.535163,180
2.054339623,17.71428571,29.4,6.2,14471,21.08571429,30.48571429,17.15714286,59.65714286,83.2,96.9,27.1,339.2857143,63.71428571,164,10449.14286,28212.68571,27450,12352.5,1.949601666,1.095997907,0.853603759,0.437834956,1.997142857,6.322857143,2.385714286,6.374285714,13.125,614.3482143,24.75,19.125,18.75,7.0375,18.125,47.325,15,40.52315609,0.725,1.025,1.198836417,0,10853.25,6029.803986,1286.799314,0
1.427735849,20.54285714,33.1,9,17262,23.3,33.78571429,18.28571429,60.41428571,83.02857143,97.3,27.8,342.2857143,64,176,11264,30412.8,25300,11385,1.761835245,1.102294056,0.659541189,0.374348958,1.881428571,6.42,2.575714286,6.55,13.25,627.5982143,20.5,16.5,23,7.3125,19.875,48.32675045,15.125,40.86084906,0.3625,0.2125,1.050866745,0,12946.5,6532.227872,1504.543739,0
2.801132075,20.4,31.2,11.2,15900,22.91428571,33.31428571,18.65714286,67.84285714,85.5,96.8,35.9,342.5714286,64.28571429,167,10735.71429,28986.42857,25950,11677.5,1.823045822,1.08861186,0.734433962,0.402860945,1.62,6.552857143,2.117142857,6.731428571,16.375,643.9732143,23.625,17.5,24.625,7.7875,17.125,49.36979167,15.75,42.54931389,1.25,1.2125,1.375207122,0,11925,7284.439596,1466.614065,0
2.167735849,22.35714286,32,15.6,13140,23.75714286,31,20.82857143,82.94285714,91.7,100,62.22857143,339.8571429,64.85714286,143,9274.571429,25041.34286,21100,9495,1.905733855,1.183131115,0.72260274,0.379172956,1.922857143,6.337142857,2.087142857,6.835714286,6,649.9732143,27.75,18.75,19.375,6.25,14.75,50.30681818,12.875,34.78237564,0.0375,0.4,1.361720509,0,9855,5980.340908,1549.497427,0
1.693584906,22.32857143,31.4,17,10722,24.1,31.78571429,21.37142857,76.87142857,92.95714286,99.1,58.42857143,350.4285714,64,134,8576,23155.2,20450,9202.5,2.15959709,1.301315053,0.858282037,0.397426928,1.99,6.294285714,2.602857143,6.725714286,0,0,0,0,0,0,0,0,0,0,0,0,0,0,8041.5,0,0,0
,0,0,0,0,0,0,0,0,0,0,0,0,0,0,0,0,0,0,0,0,0,0,0,0,0,0,0,0,0,0,0,0,0,0,0,0,0,0,0,0,0,0,0,0
,0,0,0,0,0,0,0,0,0,0,0,0,0,0,0,0,0,0,0,0,0,0,0,0,0,0,0,0,0,0,0,0,0,0,0,0,0,0,0,0,0,0,0,0
,0,0,0,0,0,0,0,0,0,0,0,0,0,0,0,0,0,0,0,0,0,0,0,0,0,0,0,0,0,0,0,0,0,0,0,0,0,0,0,0,0,0,0,0
,0,0,0,0,0,0,0,0,0,0,0,0,0,0,0,0,0,0,0,0,0,0,0,0,0,0,0,0,0,0,0,0,0,0,0,0,0,0,0,0,0,0,0,0
,0,0,0,0,0,0,0,0,0,0,0,0,0,0,0,0,0,0,0,0,0,0,0,0,0,0,0,0,0,0,0,0,0,0,0,0,0,0,0,0,0,0,0,0
,21.5,24.1,16,10542,22.55,28.45,0,0,0,90,55,0,72,87.5,6300,17010,3150,1417.5,1.613545817,1.479083665,0.134462151,0.083333333,3,5.5,6.6,6.7,0,0,0,0,0,0,0,0,0,0,0,0,0,0,7906.5,0,0,0
,21.35714286,28.3,16.4,10542,22.18571429,28.71428571,0,0,0,97,57,0,83.85714286,96,8050.285714,21735.77143,5200,2340,2.061826165,1.839856899,0.221969266,0.107656634,3,5.5,5.657142857,6.7,0,0,0,0,0,0,0,0,0,0,0,0,0,0,7906.5,0,0,0
,20.84285714,27.5,14.7,11789,22.14285714,28.85714286,0,0,0,98,52,0,83.71428571,126,10548,28479.6,14000,6300,2.41577742,1.881380948,0.534396471,0.221210972,2.785714286,5.5,5.457142857,6.7,36.625,36.625,45.25,46,7.125,15,19.625,0,7.125,19.2299984,4.4975,2.8,2.001362083,0.633685381,8841.75,6748.590433,4435.449735,240
,20.2,27.9,13.2,12113,21.81428571,28.42857143,0,0,0,98,62,0,86.28571429,142,12252.57143,33081.94286,20200,9090,2.731110613,1.980677195,0.750433419,0.274772254,2.671428571,5.5,5.257142857,6.6,28.125,64.75,49.125,46.125,13.75,12.625,27.125,0,9.75,26.31473465,1.12625,1.425,4.204419333,0.693487442,9084.75,8567.277299,5428.554326,240
,17.48571429,24.6,10.3,14626,20.17142857,27.15714286,0,0,0,95,59,0,86.14285714,160,13782.85714,37213.71429,28300,12735,2.5443535,1.673643805,0.870709695,0.342212548,2.614285714,5.5,4.814285714,6.585714286,26.5,91.25,48.375,50.375,13.25,12,25.125,0,12.5,33.73683929,0.875,1.025,4.357288332,0.769378727,10969.5,10373.38364,5794.747475,240
,16.41428571,24.7,7.8,10917,19.82857143,25.17142857,0,0,0,95,48,0,85,116,9860,26622,14600,6570,2.438582028,1.836768343,0.601813685,0.246788371,2.685714286,5.5,4.342857143,0,28,119.25,49,51.125,12.875,11.5,34.25,0,14.125,38.1226284,0.66625,0.35,4.352522476,0.788555478,8187.75,7742.156632,6212.544493,240
3.8828125,15.67142857,24.8,6.4,8976,19.8,25.24285714,0,0,0,98,47,0,85.57142857,102,8728.285714,23566.37143,14800,6660,2.625487013,1.883508403,0.74197861,0.282606086,2.6,5.5,4.385714286,0,28.5,147.75,47.25,43.25,13.625,11.125,32.5,0,14.625,39.47210197,0.875,0.825,3.757412011,0.72761194,6732,6279.308462,6375.884774,240
4.324652778,14.57142857,23.5,5.5,9939,18.81428571,24.75714286,0,0,0,98,52,0,87.57142857,112,9808,26481.6,17200,7740,2.664412919,1.885662542,0.778750377,0.292278412,2.6,5.5,4.228571429,6.6,24.375,172.125,46.875,44.375,14.875,10.5,33.625,0,12.5,33.73683929,0.7075,0.825,4.175428054,0.523959226,7454.25,7025.729991,4808.102364,220
3.8359375,12.52857143,20.5,3,9472,17.91428571,23.61428571,0,0,0,93,58,0,86,103,8858,23916.6,12100,5445,2.524978885,1.950126689,0.574852196,0.22766614,2.6,5.5,4.128571429,6.628571429,21.5,193.625,50.5,44.625,16.25,10.75,33.5,0,13.25,35.76104965,0.585,0.8,4.941824933,0.520582195,7104,6795.281566,4613.994085,220
2.261284722,9.828571429,18.6,2.71,8661,16.84285714,22.4,0,0,0,97,56,0,86.14285714,93,8011.285714,21630.47143,14100,6345,2.497456579,1.76486219,0.732594389,0.293336186,2.6,5.5,4.114285714,6.628571429,24.375,218,54.25,55,14,12.625,32.375,0,14.375,38.79736519,0.95625,0.625,5.637088477,0.512290933,6495.75,6495.75,4391.020567,220
2.339409722,8.5,16.4,1.1,9415,17,22.82857143,0,0,0,98,63,0,85.42857143,100,8542.857143,23065.71429,15540,6993,2.449889993,1.707139064,0.742750929,0.303177258,2.6,5.5,3.9,6.585714286,21.375,239.375,52.125,50.375,14.125,11.875,35.375,0,12.75,34.41157608,0.54125,0.4,5.005113926,0.39242844,7061.25,7061.25,3774.747475,200
2.066840278,11.32857143,18.8,3.6,5195,17.24285714,21.8,0,0,0,97,68,0,86.28571429,60,5177.142857,13978.28571,8000,3600,2.690719098,1.997745085,0.692974013,0.257542311,2.571428571,5.5,3.657142857,6.614285714,23.375,262.75,52.375,48.25,12.625,11.5,32.875,0,13.25,35.76104965,0.4175,0.9,4.305435864,0.392679855,3896.25,3681.144854,3993.020327,200
2.818576389,4.657142857,16.5,-2.3,7491,17.15714286,22.6,0,0,0,94,70,0,80.71428571,73,5892.142857,15908.78571,10900,4905,2.123719892,1.46893415,0.654785743,0.3083202,2.5,5.5,3.742857143,6.614285714,21.5,284.25,53,51.625,14,11.25,34.5,0,12.25,33.06210251,0.5425,0.575,5.169259727,0.346338705,5618.25,5618.25,3725.320756,200
2.238715278,2.683333333,12.2,-2.8,7372.166667,17.11666667,23.15,0,0,0,95,64,0,77.5,67.66666667,5244.166667,14159.25,6300,2835,1.920636177,1.536081658,0.384554518,0.200222469,2.5,5.5,3.714285714,6.614285714,22.75,307,52.625,53.5,13,12.375,30.375,0,13.125,35.42368126,0.4575,0.65,4.939166049,0.357215758,5529.125,5288.491835,3909.798292,200
1.526041667,0.628571429,8.7,-6.1,7629,16.88571429,22.77142857,0,0,0,96,74,0,81.71428571,59,4821.142857,13017.08571,6720,3024,1.706263693,1.309881467,0.396382226,0.232310063,2.5,5.5,3.528571429,6.685714286,19.375,326.375,53.25,54.875,12.5,11.625,30,0,13.75,37.11052322,0.66625,0.5,4.929110362,0.354918853,5721.75,5471.358998,3950.646857,200
1.475694444,2.157142857,12.5,-3.7,8120,16.87142857,22.92857143,0,0,0,96,72,0,83.57142857,55,4596.428571,12410.35714,5210,2344.5,1.528369106,1.239637579,0.288731527,0.188914789,2.5,5.5,3.728571429,6.7,24.75,351.125,54.125,57,14.875,12.625,29.75,0,13.875,37.44789161,0.91875,0.5,6.192900796,0.334357491,6090,6090,3972.229437,200
1.725694444,0.82,10.1,-5.5,7295.4,16.82,23,0,0,0,95,66,0,86.2,50.4,4344.48,11730.096,2408,1083.6,1.607875648,1.459343696,0.148531952,0.092377761,2.5,5.5,4.242857143,6.7,21.875,373,51.625,53.25,13.75,10.875,31.5,0,13.875,37.44789161,0.8725,0.925,5.100899402,0.314518871,5471.55,5471.55,3949.20202,200
1.911458333,2.714285714,11.7,-4.9,8598,17.15714286,23.74285714,0,0,0,97,68,0,78.14285714,66,5157.428571,13925.05714,6040,2718,1.619569335,1.303449307,0.316120028,0.195187709,2.5,5.5,4.3,6.7,21.625,394.625,48.75,52.75,13,11.375,28.75,0,13.5,36.43578644,0.70875,0.825,4.511332321,0.291947125,6448.5,6114.385512,4013.658276,200
2.030381944,3.3,11.1,-3.8,7119,17.12857143,23.07142857,0,0,0,96,69,0,90.57142857,52,4709.714286,12716.22857,5000,2250,1.786238035,1.470182409,0.316055626,0.176939254,2.5,5.5,4.242857143,6.728571429,24.25,418.875,48.125,48.75,12.5,11.625,27.625,0,14.125,38.1226284,0.7925,0.925,3.95748939,0.290525775,5339.25,5008.432768,4144.854097,200
2.057291667,3.285714286,9,-3.7,8434,17.42857143,24.58571429,0,0,0,97,63,0,88.85714286,63,5598,15114.6,5990,2695.5,1.792103391,1.47250415,0.319599241,0.178337501,2.5,5.5,4.5,6.714285714,20.5,439.375,46.25,46,14.375,10.5,30.875,0,13.875,37.44789161,0.75,0.975,4.127069722,0.272760781,6325.5,5956.129665,4221.693122,200
1.940104167,3.75,11.3,-2.5,6042.166667,17.03333333,22.45,0,0,0,97,70,0,88.33333333,52.5,4637.5,12521.25,3815,1716.75,2.072311257,1.788183047,0.28412821,0.137106918,2.5,5.5,4.516666667,6.75,23.875,463.25,47.625,46.875,12.875,11.375,30.125,0,14.875,40.14683876,0.83125,0.675,3.878715189,0.278753807,4531.625,4242.156863,4272.27439,200
2.147569444,2.042857143,10.5,-5,10640,17.6,25.3,0,0,0,92,64,0,79.71428571,92,7333.714286,19801.02857,11700,5265,1.860998926,1.366168099,0.494830827,0.265895278,2.5,5.5,4.242857143,6.7,23.625,486.875,45.25,48.125,13.875,10.625,30,0,14.75,39.80947037,0.8325,0.925,4.077431761,0.26405299,7980,7506.228976,4510.048634,200
2.998263889,1.714285714,10.4,-7,10734,17.25714286,25.22857143,0,0,0,96,64,0,70.85714286,87,6164.571429,16644.34286,5320,2394,1.550618861,1.327589236,0.223029625,0.143832654,2.5,5.5,4.228571429,6.7,26.25,513.125,44.875,48.75,14.125,10.625,30.625,0,14.625,39.47210197,1.00125,0.925,4.169960314,0.248455119,8050.5,7586.893424,4319.82684,200
2.881076389,4.516666667,10.1,-4.8,8409.333333,17.5,23.98333333,0,0,0,98,67,0,67.66666667,74.66666667,5052.444444,13641.6,1592.5,716.625,1.622197558,1.536979745,0.085217814,0.052532328,2.5,5.5,4.3,6.716666667,20.5,533.625,46.625,45.875,16.375,9.375,28,0,15.125,40.82157554,1,1,4.726510363,0.244488897,6307,6003.988071,4552.808954,200
2.220486111,5.557142857,13.1,-1.3,8679,17.8,23.62857143,0,0,0,98,62,0,69.71428571,73,5089.142857,13740.68571,1621,729.45,1.583210706,1.499163004,0.084047701,0.05308687,2.542857143,5.5,4.414285714,6.742857143,20.375,554,42.625,45.75,15,9.75,28.25,0,15.875,42.8457859,0.6675,0.725,3.947399967,0.24856634,6509.25,6104.409644,4881.729642,200
2.6640625,3.428571429,11.2,-3.6,10133,17.71428571,24.42857143,0,0,0,95,58,0,75.85714286,95,7206.428571,19457.35714,7065,3179.25,1.920197093,1.606444996,0.313752097,0.163395778,2.5,5.5,4.871428571,6.757142857,18.5,572.5,43.5,44.875,11.75,10.875,27.5,0,16.375,44.19525947,0.79375,0.75,3.095251686,0.247179139,7599.75,6847.740599,4961.384569,200
3.274305556,4.9,13.6,-3.7,13245,18.42857143,25.8,0,0,0,94,43,0,58.28571429,140,8160,22032,8860,3987,1.663420159,1.362400906,0.301019253,0.180964052,2.442857143,5.5,4.428571429,6.7,20.75,593.25,43.125,42.625,14.125,10.5,26.75,0,16.75,45.20736465,0.7475,0.95,3.503856733,0.24456125,9933.75,9175.442246,5424.703828,200
3.280381944,10.27142857,20.9,0.4,10588,18.75714286,25.27142857,0,0,0,98,45,0,54.28571429,122,6622.857143,17881.71429,1320,594,1.688866102,1.632764855,0.056101247,0.033218292,2.442857143,5.5,4.628571429,6.757142857,20.375,613.625,42.25,42.875,12.875,9.875,29.375,0,15.75,42.50841751,1,1.075,3.14733135,0.220310533,7941,7183.352725,5324.644861,200
2.986111111,9.057142857,20.4,-1.2,16210,18.78571429,26.41428571,0,0,0,90,33,0,58.57142857,188,11011.42857,29730.85714,9780,4401,1.834105931,1.562606856,0.271499075,0.148028023,2.385714286,5.5,4.385714286,6.7,22.5,636.125,41.875,42.875,14.5,10.125,30.25,0,16.875,45.54473304,0.9575,0.675,3.513106689,0.226928896,12157.5,11234.16519,5644.443108,200
2.760416667,12.84285714,19.4,3.3,7098,16.81428571,23.74285714,0,0,0,98,34,0,66,92,6072,16394.4,4630,2083.5,2.309721048,2.016187658,0.29353339,0.127086078,2.3,5.5,4.4,6.757142857,21.875,658,42.875,39.875,14.25,10.125,28.5,0,15.75,42.50841751,1.17,1.025,3.287638648,0.202253684,5323.5,4860.973812,4362.956015,200
3.010416667,10.48571429,19.6,4.9,8895,17.82857143,23.6,0,0,0,94,46,0,63.71428571,117,7454.571429,20127.34286,7300,3285,2.262770417,1.893461816,0.3693086,0.163210813,2.3,5.5,4.442857143,6.728571429,19.875,677.875,43.125,43.375,13.5,8.125,29.125,0,16.25,43.85789108,1.0425,1.0125,3.407742323,0.200617284,6671.25,6133.099441,4988.805872,200
3.616319444,11.61428571,19.5,4.7,13116,18.22857143,25.02857143,0,0,0,95,41,0,64.28571429,190,12214.28571,32978.57143,14000,6300,2.514377206,2.034047837,0.480329369,0.191033138,2.3,5.042857143,4.057142857,6.7,18.5,696.375,41.375,38.25,15.125,8.625,27.125,0,16.5,44.53262787,0.9575,1.4625,3.230198516,0.196727175,9837,8949.691201,5256.253541,200
3.615451389,14.08571429,22,5.8,11189,18.5,24.1,0,0,0,96,24,0,63.14285714,171,10797.42857,29153.05714,18560,8352,2.605510514,1.85906311,0.746447404,0.286487965,2.3,5.5,3.185714286,6.657142857,19,715.375,41,33.14285714,14.71428571,8,26.42857143,0,16.85714286,45.49653756,1.0425,0.55,2.69822008,0,8391.75,7269.52357,1031.537598,0
4.4375,17.1,26.5,9.8,13561,19.64285714,27,0,0,0,98,34,0,62.57142857,205,12827.14286,34633.28571,22880,10296,2.553888778,1.794652733,0.759236045,0.297286261,2.3,5.5,2.7,6.657142857,20,735.375,37.66666667,34.66666667,16,9.5,30.16666667,0,15,40.48420715,1,1,2.819380163,0,10170.75,8934.494488,1143.813799,0
3.440972222,16.61666667,24.9,7.1,16483.83333,19.61666667,27.16666667,0,0,0,95,32,0,60.66666667,242.6666667,14721.77778,39748.8,31383.33333,14122.5,2.411380848,1.554632317,0.856748531,0.355293745,2.3,5.5,2.683333333,6.633333333,0,0,0,0,0,0,0,0,0,0,0,0,0,0,12362.875,0,0,0
3.211805556,17.41666667,24.8,11.8,12894,19.46666667,26.43333333,0,0,0,98,49,0,60.83333333,190.1666667,11568.47222,31234.875,22283.33333,10027.5,2.422434853,1.644747557,0.777687296,0.321035381,2.3,5.5,2.7,6.642857143,0,0,0,0,0,0,0,0,0,0,0,0,0,0,9670.5,0,0,0
3.251736111,18.63333333,28.2,12.6,16111.66667,20.06666667,27.75,0,0,0,96,37,0,61.33333333,248.5,15241.33333,41151.6,36400,16380,2.554149167,1.537494569,1.016654598,0.398040416,2.3,5.514285714,2.716666667,6.628571429,0,0,0,0,0,0,0,0,0,0,0,0,0,0,12083.75,0,0,0
5.238715278,20.95,29.1,13.3,18548.83333,21.68333333,30.91666667,0,0,0,95,34,0,58.16666667,278.8333333,16218.80556,43790.775,39316.66667,17692.5,2.36083716,1.407003585,0.953833574,0.40402345,2.414285714,5.5,2.75,6.6,0,0,0,0,0,0,0,0,0,0,0,0,0,0,13911.625,0,0,0
3.944444444,20.08333333,29.2,13.8,14189,21.46666667,28.61666667,0,0,0,98,32,0,57,213.5,12169.5,32857.65,27183.33333,12232.5,2.315712876,1.453601381,0.862111495,0.372287732,2.5,5.5,2.75,6.633333333,0,0,0,0,0,0,0,0,0,0,0,0,0,0,10641.75,0,0,0
2.081597222,21.12,29.1,12.7,14813.4,22.52,29.84,0,0,0,99,49,0,51,190.4,9710.4,26218.08,26152,11768.4,1.769889424,0.975446555,0.794442869,0.448865821,2.5,5.5,3.42,6.64,0,0,0,0,0,0,0,0,0,0,0,0,0,0,11110.05,0,0,0
2.990451389,21.68333333,28.6,16.2,11833.5,22.58333333,29.91666667,0,0,0,99,47,0,54.33333333,177.3333333,9635.111111,26014.8,27066.66667,12180,2.198402839,1.169121562,1.029281278,0.468195027,2.5,5.5,3.383333333,6.633333333,0,0,0,0,0,0,0,0,0,0,0,0,0,0,8875.125,0,0,0
3.761284722,21.36,28.3,17.4,11425.4,22.8,29.26,0,0,0,97,54,0,54.6,168,9172.8,24766.56,14280,6426,2.16767553,1.605244455,0.562431075,0.259462759,2.5,5.5,3.36,6.66,0,0,0,0,0,0,0,0,0,0,0,0,0,0,8569.05,0,0,0
0.918402778,0,0,0,0,0,0,0,0,0,0,0,0,0,0,0,0,0,0,0,0,0,0,0,0,0,0,0,0,0,0,0,0,0,0,0,0,0,0,0,0,0,0,0,0
,0,0,0,0,0,0,0,0,0,0,0,0,0,0,0,0,0,0,0,0,0,0,0,0,0,0,0,0,0,0,0,0,0,0,0,0,0,0,0,0,0,0,0,0
,0,0,0,0,0,0,0,0,0,0,0,0,0,0,0,0,0,0,0,0,0,0,0,0,0,0,0,0,0,0,0,0,0,0,0,0,0,0,0,0,0,0,0,0
,0,0,0,0,0,0,0,0,0,0,,0,0,0,0,0,0,0,0,0,0,0,0,0,0,0,0,0,0,0,0,0,0,0,0,0,0,0,0,0,0,0,0,0
,0,0,0,0,0,0,0,0,0,0,,0,0,0,0,0,0,0,0,0,0,0,0,0,0,0,0,0,0,0,0,0,0,0,0,0,0,0,0,0,0,0,0,0
0,0,0,0,0,0,0,0,0,0,0,0,0,0,0,0,0,0,0,0,0,0,0,0,0,0,0,0,0,0,0,0,0,0,0,0,0,0,0,0,0,0,0,0,0
0,0,0,0,0,0,0,0,0,0,0,0,0,0,0,0,0,0,0,0,0,0,0,0,0,0,0,0,0,0,0,0,0,0,0,0,0,0,0,0,0,0,0,0,0
0,0,0,0,0,0,0,0,0,0,0,0,0,0,0,0,0,0,0,0,0,0,0,0,0,0,0,0,0,0,0,0,0,0,0,0,0,0,0,0,0,0,0,0,0
0,25.15714286,34.3,20.7,14285,26.92857143,0,0,0,0,0,0,0,0,0,0,0,0,0,0,0,0,0,0,0,0,0,0,0,0,0,0,0,0,0,0,0,0,0,0,0,9999.5,29.9985,0,0
0,23.82857143,31.6,19,13683,25.77142857,28.41428571,22.52857143,62.15714286,92.5,98.5,37.7,0,0,0,0,0,0,0,0,0,0,0,0,0,0,0,0,0,0,0,0,0,0,0,0,0,0,0,0,0,9578.1,28.7343,0,0
0,23.6,32.3,18.9,14126,25.12857143,27.82857143,21.98571429,69.38571429,92.67142857,100,37.7,0,28.57142857,24.5,700,1759.874608,1050,659.9529781,0.124584073,0.077865045,0.046719027,0.375,3,5.5,0,0,0,0,0,0,0,0,0,0,0,0,0,0,0,0,9888.2,29.6646,0,0
0,20.61428571,28.7,11.9,13241,22,24.82857143,18.95714286,66.01428571,88.57142857,99,40.3,347.2,0,0,0,0,0,0,0,0,0,0,0,0,0,0,64.6,64.6,41.2,26.8,8.6,6.76,7,0,0,0,1.5,0,0.039788988,0,9268.7,249.3483845,465.849161,0
0,19.84285714,29.3,12.2,14760,21.6,24.92857143,18.07142857,65.61428571,84.21428571,99.5,44.3,290.7142857,105.4794521,73,7700,19358.62069,8496,5339.962382,1.311559667,0.949773598,0.361786069,0.275844156,2.742857143,5.5,4.342857143,6.242857143,69.8,134.4,52.5,45.9,11.8,12.62,19.4,0,4.3,10.81065831,1.3,2.165,0.582286343,0,10332,3231.283162,450.3208556,0
0,20.58571429,30.8,14.5,13448,21.58571429,24.51428571,18.55714286,78.38571429,94.34285714,100,40.2,314,120,61,7320,18403.26019,6236,3919.492163,1.368475624,1.077020228,0.291455396,0.212978142,3,5.5,5.514285714,6.642857143,31.7,166.1,43.8,45,14.8,13.78,25.8,0,8.1,20.36426332,1.125,1.085,2.387010115,0,9413.6,7791.880582,449.7662733,0
0,20.11428571,32,10.7,12418,21.52857143,24.17142857,18.94285714,73.3,87.85714286,100,35.5,374.1428571,120,89,10680,26850.65831,16268,10224.87147,2.162236939,1.338845775,0.823391164,0.380805243,3.357142857,5.5,6.2,6.457142857,18.15,184.25,47.1,37.4,17.8,9.98,15.45,0,10.8,27.1523511,0.65,0.675,3.422876365,0,8692.6,7997.636302,447.5479439,0
0,16.78571429,26.8,8.4,13115,20.5,22.87142857,18.28571429,68,88.55714286,96.8,40.8,368.1428571,135.5670103,97,13150,33060.50157,23600,14833.22884,2.520815979,1.389803487,1.131012493,0.448669202,3.057142857,5.5,5.242857143,0,25.1,209.35,41.5,32.8,14,8.09,11.35,0,14.8,37.20877743,0.75,0.925,2.978233989,0,9180.5,8191.592848,407.6180159,0
0,14.82857143,25.5,7.7,11965,19.24285714,21.44285714,17.31428571,74.48571429,86.04285714,95.8,47.2,331.1428571,148.0555556,72,10660,26800.37618,17500,10999.2163,2.239897716,1.320615117,0.919282599,0.410412758,2.7,5.5,4.357142857,0,24.8,234.15,41.3,32.6,14.4,8.24,12.2,0,18.4,46.25956113,0.9,1.1,2.585096003,1.222222222,8375.5,7148.665147,6814.291173,220
0,16.65714286,25.7,10,9848,19.37142857,22,17.11428571,78,92.62857143,100,50.1,405.2857143,129.53125,64,8290,20841.94357,12172,7650.426332,2.116363076,1.339512311,0.776850765,0.367068758,2.642857143,5.528571429,4.285714286,5.785714286,25.45,259.6,45.6,43.5,14.5,9.72,21,0,18.7,47.0137931,0.8,0.575,2.513521651,1.222222222,6893.6,5823.209719,7015.796816,220
0,12.17142857,23,0.7,9936,18.1,20.31428571,16.32857143,78.58571429,88.64285714,99,54.8,349.4285714,128.6153846,65,8360,21017.93103,12500,7856.583072,2.115331223,1.324612315,0.790718908,0.373803828,2.6,5.714285714,4.4,5.928571429,21,280.6,44.9,41.2,15.2,8.68,17.35,0,20.2,50.78495298,0.825,0.565,2.856830322,1,6955.2,6133.94406,5395.930832,180
0.38209683,11.08,22.5,1.5,7128.8,17.76,19.72,16.34,83.62,90.96,99.6,57.1,395.5,131.1363636,44,5770,14506.39498,5840,3670.595611,2.034899981,1.520003279,0.514896702,0.253032929,2.614285714,5.771428571,4.266666667,6.05,20.35,300.95,42.8,38,17.5,9.47,21.3,9,21.7,54.55611285,0.54,0.79,3.234812746,1.347222222,4990.16,4541.414726,7346.796694,242.5
0.757575758,13.41428571,21.1,6.6,4448,17.52857143,18.82857143,16.54285714,89.35714286,95.54285714,100,53.7,430.2857143,150,25,3750,9427.899687,4350,2734.090909,2.119581764,1.504903052,0.614678712,0.29,2.628571429,5.814285714,4.475,6.125,21.55,322.5,42.5,36.7,19.6,8.22,16.05,9,21.6,54.30470219,0.7,0.7,3.30695697,1.388888889,3113.6,2846.391768,7306.622257,250
0.911877395,12.82857143,19.2,6.6,4290,17.32857143,18.34285714,16.57142857,89.01428571,94.07142857,100,71.8,385.1428571,150,19,2850,7165.203762,2280,1433.040752,1.670210667,1.336168534,0.334042133,0.2,2.671428571,5.9,4.76,6.22,21.1,343.6,42.2,36.4,18.3,8.19,16.95,10,20.7,52.04200627,0.41,0.42,3.288262224,1.388888889,3003,2742.192139,6828.017702,250
0.861372344,6.557142857,19.5,-2.1,3354,16.71428571,17.64285714,16.08571429,88.85714286,88.84285714,96.1,68.6,418.5714286,150,19,2850,7165.203762,950,597.1003135,2.13631597,1.958289639,0.178026331,0.083333333,2.7,6,5,6.2,20.65,364.25,43.3,39.5,19.6,9.2,22.4,10,19.6,49.27648903,0.51,0.67,3.472551055,1.375,2347.8,2165.404387,5880.347409,247.5
0.725531174,6.028571429,13.5,-1,4424,15.57142857,17.18571429,14.51428571,87.21428571,88.38571429,97.7,63.3,384,150,22,3300,8296.551724,2030,1275.909091,1.875350751,1.586944537,0.288406214,0.153787879,2.785714286,5.914285714,5.475,6.225,16.55,380.8,43.8,40,18.4,9.05,17.8,19,19.1,48.01943574,0.35,0.29,3.53527165,1.276388889,3096.8,2864.430526,4434.582689,229.75
0.690700104,5.6,15.2,-3.3,5352,15.75714286,17.68571429,14.48571429,84.54285714,89.11428571,98.5,62.5,363,150,25,3750,9427.899687,2850,1791.30094,1.761565711,1.426868226,0.334697485,0.19,2.742857143,5.871428571,5.42,6.34,18.44444444,399.2444444,43,43.22222222,19.44444444,10.06666667,21.61111111,20,18.44444444,46.3712992,0.595555556,0.606666667,3.843093722,1.230555556,3746.4,3503.593485,4281.644561,221.5
0.971090212,4.5,15.2,-5.5,4714,15.77142857,17.8,14.41428571,85.05714286,87.92857143,94.4,61.3,423.5714286,150,22,3300,8296.551724,2060,1294.76489,1.759981274,1.485317529,0.274663744,0.156060606,2.6,5.828571429,5.45,6.35,13.65,412.8944444,41.1,40.2,15.4,9.68,22,21,17.7,44.49968652,0.454444444,0.383333333,3.521848265,1.166666667,3299.8,3050.385573,3925.37813,210
1.181818182,4.042857143,12.3,-2.5,4980,16.24285714,18.52857143,14.71428571,84.77142857,89.01428571,96.3,70.6,437,150,22,3300,8296.551724,2550,1602.742947,1.665974242,1.344138309,0.321835933,0.193181818,2.642857143,5.871428571,5.225,6.3,17.1,429.9944444,40.6,40.5,12.9,10.42,22,22,16.7,41.98557994,0.64,0.53,3.09151192,1.020833333,3486,3140.138228,3547.636389,183.75
0.867293626,1.228571429,12.8,-6.5,6451,16.61428571,19.01428571,15.04285714,81.88571429,86.68571429,95.7,70.5,413.1428571,150,26,3900,9805.015674,3500,2199.84326,1.519921822,1.178913721,0.341008101,0.224358974,2.685714286,5.857142857,5.316666667,6.416666667,15.95,445.9444444,37.7,32.9,15.9,8.31,13,23,18,45.2539185,0.78,0.83,2.512102538,1.011111111,4515.7,3813.719527,3995.366421,182
0.695576454,2.985714286,13.6,-4.6,6242,16.7,19.05714286,15.1,82.37142857,88.12857143,95.5,67.4,414.8571429,150,25,3750,9427.899687,2520,1583.887147,1.510397258,1.256650519,0.253746739,0.168,2.628571429,5.885714286,5.257142857,6.442857143,17,462.9444444,37.6,35.3,12.7,9.41,18.7,22.77777778,17.9,45.00250784,0.61,0.69,2.190753487,0.997222222,4369.4,3484.244075,3974.372275,179.5
0.529432254,0.342857143,8.8,-7.4,6766,16.68571429,19.14285714,15.02857143,81.5,86.52857143,93.4,67.3,390.8571429,127.2727273,33,4200,10559.24765,3600,2262.695925,1.560633705,1.226212197,0.334421508,0.214285714,2.785714286,5.928571429,5.183333333,6.55,17.2,480.1444444,37.3,37,14.4,9.7,19.15,23.77777778,18.9,47.51661442,0.54,0.58,2.13429782,0.976388889,4736.2,3730.995438,4091.200467,175.75
0.540229885,-3.657142857,6.9,-11.2,5972,16.15714286,17.9,14.88571429,83.97142857,86.51428571,92.8,73,384,120,33,3960,9955.862069,3450,2168.416928,1.667090099,1.303992823,0.363097275,0.21780303,2.8,5.142857143,5.34,5.82,15.95,496.0944444,38.4,34.8,16.5,9.14,16.5,24.77777778,19.5,49.02507837,0.725,0.595,2.216860192,0.948611111,4180.4,3351.593035,3776.196407,170.75
0.585858586,-2.428571429,5.7,-14.6,5595,16.6,18.75714286,15.02857143,82.42857143,87.08571429,95.5,68.9,486.4285714,132.1428571,28,3700,9302.194357,2560,1609.028213,1.662590591,1.375007354,0.287583237,0.172972973,2.785714286,5.2,5.375,5.775,15.55,511.6444444,39.9,38,14.1,10.55,22,26,20.9,52.54482759,0.545,0.725,2.393343987,0.956944444,3916.5,3245.301159,4355.718124,172.25
0.693138279,-1.585714286,5.2,-9.2,9116,17.05714286,19.78571429,14.94285714,78.62857143,86.25714286,92.6,63.8,449.2857143,140,45,6300,15838.87147,8100,5091.065831,1.737480416,1.179004568,0.558475848,0.321428571,2.757142857,5.314285714,5.142857143,5.771428571,15.15,526.7944444,40.2,38.8,15.8,10.8,22.3,26.65277778,22,55.31034483,0.6,0.525,2.571182836,0.931944444,6381.2,5435.868073,4767.576723,167.75
0.746081505,5.371428571,22.3,-8.8,8335,17.37142857,20.35714286,15.01428571,79.37142857,89.17142857,100,54.7,422.1428571,140,41,5740,14430.97179,5650,3551.175549,1.73137034,1.305314486,0.426055855,0.246080139,2.714285714,5.471428571,5,5.783333333,17.5,544.2944444,38,34,15,9.41,16.8,27.61111111,21.6,54.30470219,0.725,0.675,2.461888807,0.9875,5834.5,4889.415527,5169.27525,177.75
0.799721351,1.928571429,18.6,-5.9,8223,17.02857143,19.25714286,15.17142857,81.08571429,88.15714286,97,63.4,418.2857143,140,47,6580,16542.82132,10400,6536.677116,2.011774452,1.216848377,0.794926075,0.395136778,2.685714286,5.542857143,4.442857143,5.785714286,16.1,560.3944444,37.4,32,17.2,9.19,15.8,28.625,22.6,56.81880878,0.675,0.625,2.436647965,0.988888889,5756.1,4804.178855,5151.250585,178
0.716126785,1.728571429,10.9,-6.6,8853,17.5,19.85714286,15.44285714,79.87142857,87.47142857,93.7,61,449,134.6938776,49,6600,16593.10345,9400,5908.15047,1.87429159,1.206930191,0.6673614,0.356060606,2.6,5.614285714,4.185714286,5.842857143,16.65,577.0444444,39.3,38.7,14.2,10.97,22.65,29.72361111,23.6,59.33291536,0.75,0.725,2.334858225,0.997222222,6197.1,5082.566934,5772.906325,179.5
0.688958551,5.185714286,19.1,-7.2,8520,18.02857143,20.07142857,16.2,80.78571429,87.81428571,97.5,53.3,433.8571429,111.147541,61,6780,17045.64263,9800,6159.561129,2.000662281,1.277709097,0.722953184,0.361356932,2.671428571,5.685714286,4.457142857,5.9,15.65,592.6944444,34.8,32.6,16.9,9.45,17.2,30.83333333,24.5,61.59561129,0.725,0.675,2.33106699,1.045833333,5964,4888.026843,6700.498889,188.25
1.018460467,4.728571429,16.5,-5.2,11083,18.42857143,20.62857143,16.34285714,78.9,87.64285714,97.9,58.9,418.8571429,82.5,112,9240,23230.34483,17600,11062.06897,2.096034001,1.097922572,0.998111429,0.476190476,2.642857143,5.771428571,4.157142857,5.9,16.7,609.3944444,33.4,29.8,16.7,7.92,13.3,31.97916667,26.1,65.61818182,0.7,0.9,2.17680713,0.966666667,7758.1,6168.262195,6931.480583,174
1.142110763,7.114285714,17.9,-3.4,10609,18.57142857,20.61428571,16.54285714,77.72857143,87.84285714,96.4,42,426.5714286,60.16528926,121,7280,18302.69592,11350,7133.777429,1.72520463,1.052777688,0.672426942,0.389766484,2.657142857,5.857142857,4.014285714,5.957142857,17.05,626.4444444,37.1,34.9,15.8,9.45,21.4,32.98888889,26.7,67.12664577,0.725,0.675,2.1208043,1.055555556,7426.3,5832.529321,7835.139222,190
1.295019157,6.514285714,16,-0.9,15897,19.35714286,21.98571429,16.65714286,70.75714286,86.94285714,93.7,45.6,428.8571429,60,182,10920,27454.04389,21100,13261.91223,1.726995275,0.892755341,0.834239934,0.483058608,2.642857143,5.714285714,4.085714286,5.785714286,18.7,645.1444444,33.9,30.2,18.8,8.77,16.3,34.00277778,26.5,66.62382445,0.95,0.85,2.129690585,1.079166667,11127.9,8757.144891,8673.838708,194.25
1.400208986,10.95714286,23.9,-0.9,15202,19.62857143,22.41428571,16.71428571,63.57142857,87.7,93.5,33.2,441.7142857,60,176,10560,26548.96552,17000,10684.95298,1.746412677,1.043547727,0.702864951,0.402462121,2.7,5.571428571,4.171428571,5.742857143,21.8,666.9444444,33.8,29,17.6,8.08,15.35,35.05138889,26,65.36677116,0.875,0.85,2.157018371,1.073611111,10641.4,8424.80147,8720.900873,193.25
1.507140369,12.67142857,23.2,3.2,11552,19.25714286,21.24285714,17.01428571,73.21428571,90.18571429,96.6,35.8,468.4285714,60,152,9120,22928.65204,15900,9993.573668,1.984820987,1.119726313,0.865094673,0.435855263,2.628571429,5.742857143,4.328571429,5.942857143,22.9,689.8444444,33.9,26.3,17.8,7.14,11.4,36.04305556,25.1,63.10407524,0.875,0.8,1.972838543,1.090277778,8086.4,6126.876233,8226.962733,196.25
1.248693835,14.44285714,25.2,7.5,13152,19.7,21.92857143,17.02857143,72.87142857,91.15714286,99,34.2,434.8571429,60,153,9180,23079.49843,15700,9867.868339,1.754828044,1.004533918,0.750294125,0.427559913,2.442857143,5.828571429,4.1,5.985714286,19.6,709.4444444,33.8,27.8,16.4,7.41,15.45,37.06805556,26,65.36677116,0.75,0.9,1.830750918,1.006944444,9206.4,6702.499422,8263.430835,181.25
1.034482759,13.97142857,24.6,6.8,12469,18.82857143,21.04285714,16.07142857,73.61428571,90.64285714,99.5,34.8,360.1428571,60,129,7740,19459.18495,13100,8233.69906,1.560605097,0.900271545,0.660333552,0.423126615,2.342857143,5.914285714,3.716666667,6.066666667,15.55,724.9944444,34.1,26.2,15.3,7.09,13.95,38.01111111,26,65.36677116,0.75,0.75,1.695512348,1.0125,8728.3,6082.569564,7560.665333,182.25
1.188087774,15,26.2,6.7,15860,19.6,22.34285714,16.01428571,65.18571429,88.37142857,98.9,32.4,381.5714286,60,145,8700,21872.72727,14400,9050.783699,1.379112691,0.80844537,0.57066732,0.413793103,2.514285714,5.842857143,4.128571429,6.014285714,14.65,739.6444444,30.6,23.2,16,5.96,9.4,39.00277778,24,60.33855799,0.675,0.525,1.519862658,1.029166667,11102,7237.589858,7736.822866,185.25
1.528387321,17.68571429,28,8.5,16392,20.77142857,23.55714286,17.04285714,66.12857143,87.88571429,98.1,32.5,350.2857143,60,170,10200,25643.88715,18300,11502.03762,1.564414784,0.862728741,0.701686043,0.448529412,2.457142857,5.871428571,4.116666667,6.016666667,15.15,754.7944444,29.1,24.3,14.4,6.81,14.4,39.95416667,23,57.82445141,0.6,0.75,1.323789589,1.080555556,11474.4,6831.205085,8732.007308,194.5
1.393242773,17,27.3,8.1,15360,20.42857143,22.97142857,16.82857143,62.98571429,86.97142857,98.3,37.6,342,60.13422819,149,8960,22526.39498,14600,9176.489028,1.466562173,0.869134502,0.597427671,0.407366071,2.457142857,5.871428571,4.116666667,6.05,16.35,771.1444444,32.7,26.9,15,6.99,12.95,41.03333333,22.5,56.56739812,0.7,0.625,1.307775492,1.0375,10752,6348.106837,7965.327425,186.75
1.207941484,19.38571429,31.3,8.6,20019,22.37142857,25.92857143,17.22857143,57.7,85.41428571,96.4,28.7,333,60,203,12180,30621.81818,22300,14016.1442,1.529637753,0.829495678,0.700142075,0.45771757,2.571428571,5.842857143,4.242857143,6,15.15,786.2944444,29.8,25.6,16,6.82,12.3,41.94444444,21.2,53.29905956,0.725,0.675,1.338273818,1.026388889,14013.3,8404.647517,8840.565445,184.75
1.161964472,20.68571429,31.3,12.3,16825,22.44285714,25,18.35714286,64.8,83,98.9,28.6,282.2857143,60,205,12300,30923.51097,26200,16467.39812,1.837950132,0.85920433,0.978745802,0.532520325,2.642857143,5.714285714,3.942857143,6.028571429,15.9,802.1944444,30.1,23.4,16.8,6.25,10.25,42.92083333,19.3,48.52225705,0.7,0.6,1.40770967,1.026388889,11777.5,7306.865858,8138.010006,184.75
1.172762104,20.85714286,29.5,12.6,17503,22.48571429,25.2,18.37142857,67.07142857,88.08571429,98.9,40.2,254,60,214,12840,32281.12853,27700,17410.18809,1.844319747,0.849622376,0.994697371,0.539330218,2.628571429,5.685714286,3.728571429,6.028571429,0,0,0,0,17.4,0,0,43.92638889,19.8,49.77931034,0.45,1.175,0,1.011111111,12252.1,36.7563,0,182
0.977011494,22.25714286,31.1,14.5,15453,23.51428571,26.04285714,19.55714286,70.94285714,90.91428571,98.5,40,257.4285714,60,198,11880,29867.58621,23500,14770.37618,1.932801799,0.976975994,0.955825806,0.49452862,2.6,5.671428571,4.257142857,6.014285714,0,0,0,0,18,0,0,44.90972222,15.3,38.46583072,0,0,0,0.997222222,10817.1,32.4513,0,179.5
1.047718565,22.81428571,30.2,17.5,14423,23.95714286,25.82857143,21.01428571,74.6,93.2,98.1,44.3,280.1428571,60,178,10680,26850.65831,22300,14016.1442,1.861655571,0.889864391,0.971791181,0.522003745,2.457142857,5.685714286,3.985714286,5.942857143,0,0,0,0,15,0,0,45.99305556,12.4,31.17492163,0,0,0,0.995833333,10096.1,30.2883,0,179.25
0.489376524,23.87142857,30.6,19.4,14961,25.07142857,27,21.98571429,77.48571429,93.47142857,99.2,51.2,312.2857143,60,188,11280,28359.12226,24700,15524.60815,1.895536545,0.857864722,1.037671823,0.547429078,2.371428571,5.757142857,3.771428571,5.971428571,0,0,0,0,15,0,0,46.97083333,9.2,23.12978056,0,0,0,0.951388889,10472.7,31.4181,0,171.25
0.2964124,23.8,30,18,13069,0,0,0,0,0,0,0,0,0,0,0,0,0,0,0,0,0,0,0,0,0,0,0,0,0,0,0,0,0,0,0,0,0,0,0,0.944444444,9148.3,27.4449,0,170
0.127481714,25.52857143,34.4,21.2,11747,0,0,0,0,0,0,0,0,0,0,0,0,0,0,0,0,0,0,0,0,0,0,0,0,0,0,0,0,0,0,0,0,0,0,0,0.944444444,8222.9,24.6687,0,170
0,25.5,32.2,22.1,13371,0,0,0,0,0,0,,0,0,0,0,0,0,0,0,0,0,0,0,0,0,0,0,0,0,0,0,0,0,0,0,0,0,0,0,0.944444444,9359.7,28.0791,0,170
0,26.6,35,20,16606,0,0,0,0,0,0,,0,0,0,0,0,0,0,0,0,0,0,0,0,0,0,0,0,0,0,0,0,0,0,0,0,0,0,0,0,11624.2,34.8726,0,0
